/*
 Navicat Premium Data Transfer

 Source Server         : 10.80.6.150
 Source Server Type    : MySQL
 Source Server Version : 50623
 Source Host           : 10.80.6.150
 Source Database       : uatrelease

 Target Server Type    : MySQL
 Target Server Version : 50623
 File Encoding         : utf-8

 Date: 03/06/2017 15:42:07 PM
*/

SET NAMES utf8mb4;
SET FOREIGN_KEY_CHECKS = 0;

-- ----------------------------
--  Table structure for `auth_group`
-- ----------------------------
DROP TABLE IF EXISTS `auth_group`;
CREATE TABLE `auth_group` (
  `id` int(11) NOT NULL AUTO_INCREMENT,
  `name` varchar(80) NOT NULL,
  PRIMARY KEY (`id`),
  UNIQUE KEY `name` (`name`)
) ENGINE=InnoDB DEFAULT CHARSET=utf8;

-- ----------------------------
--  Table structure for `auth_group_permissions`
-- ----------------------------
DROP TABLE IF EXISTS `auth_group_permissions`;
CREATE TABLE `auth_group_permissions` (
  `id` int(11) NOT NULL AUTO_INCREMENT,
  `group_id` int(11) NOT NULL,
  `permission_id` int(11) NOT NULL,
  PRIMARY KEY (`id`),
  UNIQUE KEY `auth_group_permissions_group_id_0cd325b0_uniq` (`group_id`,`permission_id`),
  KEY `auth_group_permissi_permission_id_84c5c92e_fk_auth_permission_id` (`permission_id`),
  CONSTRAINT `auth_group_permissi_permission_id_84c5c92e_fk_auth_permission_id` FOREIGN KEY (`permission_id`) REFERENCES `auth_permission` (`id`),
  CONSTRAINT `auth_group_permissions_group_id_b120cbf9_fk_auth_group_id` FOREIGN KEY (`group_id`) REFERENCES `auth_group` (`id`)
) ENGINE=InnoDB DEFAULT CHARSET=utf8;

-- ----------------------------
--  Table structure for `auth_permission`
-- ----------------------------
DROP TABLE IF EXISTS `auth_permission`;
CREATE TABLE `auth_permission` (
  `id` int(11) NOT NULL AUTO_INCREMENT,
  `name` varchar(255) NOT NULL,
  `content_type_id` int(11) NOT NULL,
  `codename` varchar(100) NOT NULL,
  PRIMARY KEY (`id`),
  UNIQUE KEY `auth_permission_content_type_id_01ab375a_uniq` (`content_type_id`,`codename`),
  CONSTRAINT `auth_permissi_content_type_id_2f476e4b_fk_django_content_type_id` FOREIGN KEY (`content_type_id`) REFERENCES `django_content_type` (`id`)
) ENGINE=InnoDB AUTO_INCREMENT=31 DEFAULT CHARSET=utf8;

-- ----------------------------
--  Records of `auth_permission`
-- ----------------------------
BEGIN;
INSERT INTO `auth_permission` VALUES ('1', 'Can add log entry', '1', 'add_logentry'), ('2', 'Can change log entry', '1', 'change_logentry'), ('3', 'Can delete log entry', '1', 'delete_logentry'), ('4', 'Can add group', '2', 'add_group'), ('5', 'Can change group', '2', 'change_group'), ('6', 'Can delete group', '2', 'delete_group'), ('7', 'Can add permission', '3', 'add_permission'), ('8', 'Can change permission', '3', 'change_permission'), ('9', 'Can delete permission', '3', 'delete_permission'), ('10', 'Can add user', '4', 'add_user'), ('11', 'Can change user', '4', 'change_user'), ('12', 'Can delete user', '4', 'delete_user'), ('13', 'Can add content type', '5', 'add_contenttype'), ('14', 'Can change content type', '5', 'change_contenttype'), ('15', 'Can delete content type', '5', 'delete_contenttype'), ('16', 'Can add session', '6', 'add_session'), ('17', 'Can change session', '6', 'change_session'), ('18', 'Can delete session', '6', 'delete_session'), ('19', 'Can add env_child', '7', 'add_env_child'), ('20', 'Can change env_child', '7', 'change_env_child'), ('21', 'Can delete env_child', '7', 'delete_env_child'), ('22', 'Can add env', '8', 'add_env'), ('23', 'Can change env', '8', 'change_env'), ('24', 'Can delete env', '8', 'delete_env'), ('25', 'Can add project', '9', 'add_project'), ('26', 'Can change project', '9', 'change_project'), ('27', 'Can delete project', '9', 'delete_project'), ('28', 'Can add config', '10', 'add_config'), ('29', 'Can change config', '10', 'change_config'), ('30', 'Can delete config', '10', 'delete_config');
COMMIT;

-- ----------------------------
--  Table structure for `auth_user`
-- ----------------------------
DROP TABLE IF EXISTS `auth_user`;
CREATE TABLE `auth_user` (
  `id` int(11) NOT NULL AUTO_INCREMENT,
  `password` varchar(128) NOT NULL,
  `last_login` datetime DEFAULT NULL,
  `is_superuser` tinyint(1) NOT NULL,
  `username` varchar(150) NOT NULL,
  `first_name` varchar(30) NOT NULL,
  `last_name` varchar(30) NOT NULL,
  `email` varchar(254) NOT NULL,
  `is_staff` tinyint(1) NOT NULL,
  `is_active` tinyint(1) NOT NULL,
  `date_joined` datetime NOT NULL,
  PRIMARY KEY (`id`),
  UNIQUE KEY `username` (`username`)
) ENGINE=InnoDB AUTO_INCREMENT=2 DEFAULT CHARSET=utf8;

-- ----------------------------
--  Records of `auth_user`
-- ----------------------------
BEGIN;
INSERT INTO `auth_user` VALUES ('1', 'pbkdf2_sha256$30000$9iVYs1Sb8ATq$HUZrEKymjZwMlymXvZQgqOD2UEuEsbRtdi2rZnioLDo=', '2017-03-06 07:22:20', '1', 'admin', '', '', 'guanghua.fan@bqjr.cn', '1', '1', '2017-01-16 06:12:54');
COMMIT;

-- ----------------------------
--  Table structure for `auth_user_groups`
-- ----------------------------
DROP TABLE IF EXISTS `auth_user_groups`;
CREATE TABLE `auth_user_groups` (
  `id` int(11) NOT NULL AUTO_INCREMENT,
  `user_id` int(11) NOT NULL,
  `group_id` int(11) NOT NULL,
  PRIMARY KEY (`id`),
  UNIQUE KEY `auth_user_groups_user_id_94350c0c_uniq` (`user_id`,`group_id`),
  KEY `auth_user_groups_group_id_97559544_fk_auth_group_id` (`group_id`),
  CONSTRAINT `auth_user_groups_group_id_97559544_fk_auth_group_id` FOREIGN KEY (`group_id`) REFERENCES `auth_group` (`id`),
  CONSTRAINT `auth_user_groups_user_id_6a12ed8b_fk_auth_user_id` FOREIGN KEY (`user_id`) REFERENCES `auth_user` (`id`)
) ENGINE=InnoDB DEFAULT CHARSET=utf8;

-- ----------------------------
--  Table structure for `auth_user_user_permissions`
-- ----------------------------
DROP TABLE IF EXISTS `auth_user_user_permissions`;
CREATE TABLE `auth_user_user_permissions` (
  `id` int(11) NOT NULL AUTO_INCREMENT,
  `user_id` int(11) NOT NULL,
  `permission_id` int(11) NOT NULL,
  PRIMARY KEY (`id`),
  UNIQUE KEY `auth_user_user_permissions_user_id_14a6b632_uniq` (`user_id`,`permission_id`),
  KEY `auth_user_user_perm_permission_id_1fbb5f2c_fk_auth_permission_id` (`permission_id`),
  CONSTRAINT `auth_user_user_perm_permission_id_1fbb5f2c_fk_auth_permission_id` FOREIGN KEY (`permission_id`) REFERENCES `auth_permission` (`id`),
  CONSTRAINT `auth_user_user_permissions_user_id_a95ead1b_fk_auth_user_id` FOREIGN KEY (`user_id`) REFERENCES `auth_user` (`id`)
) ENGINE=InnoDB DEFAULT CHARSET=utf8;

-- ----------------------------
--  Table structure for `django_admin_log`
-- ----------------------------
DROP TABLE IF EXISTS `django_admin_log`;
CREATE TABLE `django_admin_log` (
  `id` int(11) NOT NULL AUTO_INCREMENT,
  `action_time` datetime NOT NULL,
  `object_id` longtext,
  `object_repr` varchar(200) NOT NULL,
  `action_flag` smallint(5) unsigned NOT NULL,
  `change_message` longtext NOT NULL,
  `content_type_id` int(11) DEFAULT NULL,
  `user_id` int(11) NOT NULL,
  PRIMARY KEY (`id`),
  KEY `django_admin__content_type_id_c4bce8eb_fk_django_content_type_id` (`content_type_id`),
  KEY `django_admin_log_user_id_c564eba6_fk_auth_user_id` (`user_id`),
  CONSTRAINT `django_admin__content_type_id_c4bce8eb_fk_django_content_type_id` FOREIGN KEY (`content_type_id`) REFERENCES `django_content_type` (`id`),
  CONSTRAINT `django_admin_log_user_id_c564eba6_fk_auth_user_id` FOREIGN KEY (`user_id`) REFERENCES `auth_user` (`id`)
) ENGINE=InnoDB DEFAULT CHARSET=utf8;

-- ----------------------------
--  Table structure for `django_content_type`
-- ----------------------------
DROP TABLE IF EXISTS `django_content_type`;
CREATE TABLE `django_content_type` (
  `id` int(11) NOT NULL AUTO_INCREMENT,
  `app_label` varchar(100) NOT NULL,
  `model` varchar(100) NOT NULL,
  PRIMARY KEY (`id`),
  UNIQUE KEY `django_content_type_app_label_76bd3d3b_uniq` (`app_label`,`model`)
) ENGINE=InnoDB AUTO_INCREMENT=11 DEFAULT CHARSET=utf8;

-- ----------------------------
--  Records of `django_content_type`
-- ----------------------------
BEGIN;
INSERT INTO `django_content_type` VALUES ('1', 'admin', 'logentry'), ('2', 'auth', 'group'), ('3', 'auth', 'permission'), ('4', 'auth', 'user'), ('5', 'contenttypes', 'contenttype'), ('10', 'release', 'config'), ('8', 'release', 'env'), ('7', 'release', 'env_child'), ('9', 'release', 'project'), ('6', 'sessions', 'session');
COMMIT;

-- ----------------------------
--  Table structure for `django_migrations`
-- ----------------------------
DROP TABLE IF EXISTS `django_migrations`;
CREATE TABLE `django_migrations` (
  `id` int(11) NOT NULL AUTO_INCREMENT,
  `app` varchar(255) NOT NULL,
  `name` varchar(255) NOT NULL,
  `applied` datetime NOT NULL,
  PRIMARY KEY (`id`)
) ENGINE=InnoDB AUTO_INCREMENT=25 DEFAULT CHARSET=utf8;

-- ----------------------------
--  Records of `django_migrations`
-- ----------------------------
BEGIN;
INSERT INTO `django_migrations` VALUES ('1', 'contenttypes', '0001_initial', '2017-01-16 06:10:41'), ('2', 'auth', '0001_initial', '2017-01-16 06:10:56'), ('3', 'admin', '0001_initial', '2017-01-16 06:10:58'), ('4', 'admin', '0002_logentry_remove_auto_add', '2017-01-16 06:10:58'), ('5', 'contenttypes', '0002_remove_content_type_name', '2017-01-16 06:10:59'), ('6', 'auth', '0002_alter_permission_name_max_length', '2017-01-16 06:10:59'), ('7', 'auth', '0003_alter_user_email_max_length', '2017-01-16 06:10:59'), ('8', 'auth', '0004_alter_user_username_opts', '2017-01-16 06:10:59'), ('9', 'auth', '0005_alter_user_last_login_null', '2017-01-16 06:10:59'), ('10', 'auth', '0006_require_contenttypes_0002', '2017-01-16 06:11:00'), ('11', 'auth', '0007_alter_validators_add_error_messages', '2017-01-16 06:11:00'), ('12', 'auth', '0008_alter_user_username_max_length', '2017-01-16 06:11:00'), ('19', 'sessions', '0001_initial', '2017-01-16 06:12:10'), ('20', 'release', '0001_initial', '2017-02-23 07:09:02'), ('21', 'release', '0002_auto_20170223_1651', '2017-02-23 08:51:55'), ('22', 'release', '0003_config', '2017-02-23 09:57:01'), ('23', 'release', '0004_auto_20170301_1106', '2017-03-01 03:07:05'), ('24', 'release', '0005_auto_20170301_1106', '2017-03-01 03:07:05');
COMMIT;

-- ----------------------------
--  Table structure for `django_session`
-- ----------------------------
DROP TABLE IF EXISTS `django_session`;
CREATE TABLE `django_session` (
  `session_key` varchar(40) NOT NULL,
  `session_data` longtext NOT NULL,
  `expire_date` datetime NOT NULL,
  PRIMARY KEY (`session_key`),
  KEY `django_session_de54fa62` (`expire_date`)
) ENGINE=InnoDB DEFAULT CHARSET=utf8;

-- ----------------------------
--  Records of `django_session`
-- ----------------------------
BEGIN;
INSERT INTO `django_session` VALUES ('07117zypjyhd2r6n9gd4fv3xilulr4vn', 'NmFiZGJlYzI0MTE5ZjRlY2Q5NGNhYWZmZDY3Mzg3NDc3ZGMyMjlhNjp7Il9hdXRoX3VzZXJfaGFzaCI6ImE5NTg1MjE0Y2E1Y2M2NTM0ZTIzMGIyMTAzOTU2NmFiNzZkN2I5M2YiLCJfYXV0aF91c2VyX2JhY2tlbmQiOiJkamFuZ28uY29udHJpYi5hdXRoLmJhY2tlbmRzLk1vZGVsQmFja2VuZCIsIl9hdXRoX3VzZXJfaWQiOiIxIiwidXNlciI6ImFkbWluIn0=', '2017-02-01 01:15:41'), ('0yg3j9x36zisu3vbscacllf4d73hklth', 'MGI4ZDY4ODliYTY4Y2Q2YTFlNGQyZTM4MzZiODkzMWM5ZjQ0ZDFmNTp7Il9hdXRoX3VzZXJfaGFzaCI6ImFiN2NjZDlmYTcyNTQwZTk2ZmQxNWQyZGIxOGI4NzIxYWRiN2ZiYzMiLCJfYXV0aF91c2VyX2JhY2tlbmQiOiJkamFuZ28uY29udHJpYi5hdXRoLmJhY2tlbmRzLk1vZGVsQmFja2VuZCIsIl9hdXRoX3VzZXJfaWQiOiIxIiwidXNlciI6ImFkbWluIn0=', '2017-03-15 08:20:34'), ('1j6aan8onasg7xy4nveyrl2bwj7amxqc', 'MmIzNDNjYjAxZmJiMDJiNjZhNDExODgxZDRmZjM4YTgwYjRjN2RlYzp7Il9hdXRoX3VzZXJfaGFzaCI6IjdhNzQyOTc1NGZjYTdiMGUwYTVjZmU0ZTRhOGZhODIyZGY4NzljMWQiLCJfYXV0aF91c2VyX2JhY2tlbmQiOiJkamFuZ28uY29udHJpYi5hdXRoLmJhY2tlbmRzLk1vZGVsQmFja2VuZCIsIl9hdXRoX3VzZXJfaWQiOiIxIiwidXNlciI6ImFkbWluIn0=', '2017-03-11 02:55:17'), ('36pwgg47uorvgmrd2jf581ajlnwzvyez', 'M2RiNjUyN2QzMzY3NjI5ZDJmMWE2MGMyM2I1NDEyYzA3NjQzMTk3Mjp7Il9hdXRoX3VzZXJfaGFzaCI6ImNlOWQyMzMyNGNkM2MwY2YwZjhhNDU4YTY2MmM4OGIwYTMwMzY3N2QiLCJfYXV0aF91c2VyX2lkIjoiMSIsIl9hdXRoX3VzZXJfYmFja2VuZCI6ImRqYW5nby5jb250cmliLmF1dGguYmFja2VuZHMuTW9kZWxCYWNrZW5kIiwidXNlciI6ImFkbWluIiwiZW52Ijoic2l0IiwiZW52X2NoaWxkIjoic2l0MSJ9', '2017-03-15 03:16:38'), ('39czxf2fmwwr3bezgtmrh3wsqf7vrf3q', 'OWIyYWIyNTdiYmZmNmNkMTE1OWQyNGEyNTJlZmI4ZTA1YjM5OTBhZjp7InByb2plY3RfbmFtZSI6Ilx1ODcwMlx1NWRlMiIsImVudiI6InVhdCIsIl9hdXRoX3VzZXJfaWQiOiIxIiwiYXBwcyI6WyJMb2dpblNZUyIsImRhdGFjZW50ZXIiLCJjb3JlSW50ZXJmYWNlIiwiYmVlaGl2ZSIsIkF1dG9UYXNrQmFjayIsIkF1dG9UYXNrRnJvbnQiLCJmaWxldXBsb2FkIiwibXFTZXJ2aWNlIiwiYnFkYy5wdXNobWFuYWdlciIsIkFueXNpZ25BcGkiXSwiX2F1dGhfdXNlcl9iYWNrZW5kIjoiZGphbmdvLmNvbnRyaWIuYXV0aC5iYWNrZW5kcy5Nb2RlbEJhY2tlbmQiLCJhcHBzd2FyIjpbIkxvZ2luU1lTLndhciIsImRhdGFjZW50ZXIud2FyIiwiY29yZUludGVyZmFjZS53YXIiLCJiZWVoaXZlLndhciIsIkF1dG9UYXNrQmFjay53YXIiLCJBdXRvVGFza0Zyb250LndhciIsImZpbGV1cGxvYWQud2FyIiwibXFTZXJ2aWNlLndhciIsImJxZGMucHVzaG1hbmFnZXIud2FyIiwiQW55c2lnbkFwaS53YXIiXSwiZW52X2NoaWxkIjoidWF0LWIiLCJ2ZXJzaW9uIjoidjEwMDEwMCIsInVzZXIiOiJhZG1pbiIsInRhc2tpZCI6NDUxLCJfYXV0aF91c2VyX2hhc2giOiI4OWE1NzdiZDdmNTI3ODNjZjA2MjllNGExMTdiOGI3NGUzOTA3YzI5IiwicHJvamVjdF9jb2RlIjoiSENTIn0=', '2017-03-20 07:05:45'), ('3b7bzu46hlmuyb453hus8fs3z24bifvt', 'NGNkMTY0MTE3ZDcxNGVmY2YyNWNmODA3OTBhY2ExMzU3YTEzODRlMzp7InRhc2tpZCI6MjgxfQ==', '2017-03-10 03:01:58'), ('3n1ww07o5evw386mndo4ydpazlzli7oz', 'ZmVlOTI1NjE4NDc5ZDJlY2MxMjBlY2RjZDYyYzA2NjViMDJjMmJkNjp7InRhc2tpZCI6Mjc3fQ==', '2017-03-10 03:00:03'), ('4a5i2zi6e5mnormk4uvvglg796tdojcy', 'YjM0ODBlZjNlY2I3ZTQ1MTZhNGM2MDBmYjE1MTI0ODllYzdiOTFlOTp7Il9hdXRoX3VzZXJfaWQiOiIxIiwiX2F1dGhfdXNlcl9oYXNoIjoiNjVlYjFjODU0MGFmMTI1MmFlYWFiM2YyOGFhZDEzMTdjZDg0NWFiNCIsInVzZXIiOiJhZG1pbiIsIl9hdXRoX3VzZXJfYmFja2VuZCI6ImRqYW5nby5jb250cmliLmF1dGguYmFja2VuZHMuTW9kZWxCYWNrZW5kIiwiZW52IjoidWF0In0=', '2017-03-17 07:24:54'), ('58u6ytf3h4zetn44xqn9ey1n02zz6a3j', 'M2YzOTcwNjc1NDM0ZmU2MjU4MGFmNGNmNDE5OGQ1MTEwMTE2YzNiZjp7InRhc2tpZCI6MTk2fQ==', '2017-03-01 07:27:32'), ('5g4f41mj15l8d5l7llgf41umdd7cjjq6', 'NGJjMTNjZDYxM2RlOTZlZGQzZWM5OWMzMzI3NzU0YjAxZDRiNzI0Yjp7InRhc2tpZCI6MjcwfQ==', '2017-03-10 02:15:59'), ('5kpteiqc6jqggysdvm7753frvwlz0epr', 'YzgwNzllNGQ4ZTNjMDU2MDZiMzY1OTg1OTQ4YTc1N2FiMjIwZGQwMjp7InRhc2tpZCI6MjQwfQ==', '2017-03-08 12:57:16'), ('66ggbsn1lwm5by24c7rdwrcrokqgv5oc', 'NDMyZTg1ZDc5NTAxNDAyNzg5MzVjMTk4NmM1YTI2ZjIyMGE5ZGM1ZTp7InRhc2tpZCI6Mjg1fQ==', '2017-03-10 03:03:24'), ('6f6dhi81a7ihe2sgwnbr1ner2rgskv7w', 'NjhlOGE2ZGY1ZDk4MTMyNmQzYmQ0MzU2ZDNjMmFhYWYxYzkwNGU2MDp7InByb2plY3RfbmFtZSI6Ilx1ODcwMlx1NWRlMiIsIl9hdXRoX3VzZXJfaGFzaCI6IjYzZTRiMGRiNDE1ZjBmMjk4ODBiMzIzZGEyYjJkZmQ5ZWZkMTlkODEiLCJfYXV0aF91c2VyX2lkIjoiMSIsImFwcHMiOlsiTG9naW5TWVMiLCJ0ZXN0YXBwIiwiYmVlaGl2ZSJdLCJfYXV0aF91c2VyX2JhY2tlbmQiOiJkamFuZ28uY29udHJpYi5hdXRoLmJhY2tlbmRzLk1vZGVsQmFja2VuZCIsImFwcHN3YXIiOlsiTG9naW5TWVMud2FyIiwidGVzdGFwcC53YXIiLCJiZWVoaXZlLndhciJdLCJ2ZXJzaW9uIjoidjEwMDEwMCIsInVzZXIiOiJhZG1pbiIsImVudiI6InNpdCIsImVudl9jaGlsZCI6InNpdDEiLCJwcm9qZWN0X2NvZGUiOiJIQ1MifQ==', '2017-03-16 08:26:53'), ('6lfl1z9m8wurkra87vo45c6k6exf3tpl', 'MWZlMmM0NjE1MGI3MzU2MjYwODQ1YjkzN2M3YmYyMTBjZDY0NzBhMDp7InByb2plY3RfbmFtZSI6Ilx1ODcwMlx1NWRlMiIsIl9hdXRoX3VzZXJfaWQiOiIxIiwiX2F1dGhfdXNlcl9iYWNrZW5kIjoiZGphbmdvLmNvbnRyaWIuYXV0aC5iYWNrZW5kcy5Nb2RlbEJhY2tlbmQiLCJ1c2VyIjoiYWRtaW4iLCJfYXV0aF91c2VyX2hhc2giOiI2NWViMWM4NTQwYWYxMjUyYWVhYWIzZjI4YWFkMTMxN2NkODQ1YWI0IiwicHJvamVjdF9jb2RlIjoiMCJ9', '2017-03-19 08:28:21'), ('6x29bv0zzee8go3dn3zyae9921ihzw8o', 'MDNjYmY4N2E4OGRkMzNkMGRjMTgzZjViZDJkNjZkNzRhYmUwN2JlYzp7InRhc2tpZCI6MjY1fQ==', '2017-03-09 11:22:47'), ('70ig90ymc5ac2dvojer2uv1jd29mjjqr', 'MmRkZTU3NzRjY2IxYmFjNWIxMjM2ZDIxMDM3YmU0Mjk5ODRjZTQwYTp7InRhc2tpZCI6Mjc0fQ==', '2017-03-10 02:29:18'), ('7csz6du0rejzjix3axi8huexyh79s7kw', 'ZjUwOTk5ZjgwMWI2ZGRhMWYyOGMxNmRiYzllNWNjMGJlNDY3ZjZkYTp7InByb2plY3RfbmFtZSI6Ilx1ODcwMlx1NWRlMiIsIl9hdXRoX3VzZXJfaGFzaCI6Ijg5YTU3N2JkN2Y1Mjc4M2NmMDYyOWU0YTExN2I4Yjc0ZTM5MDdjMjkiLCJ0YXNraWQiOjQ0NywiX2F1dGhfdXNlcl9pZCI6IjEiLCJhcHBzIjpbIkxvZ2luU1lTIiwiZGF0YWNlbnRlciIsImNvcmVJbnRlcmZhY2UiLCJiZWVoaXZlIiwiQXV0b1Rhc2tCYWNrIiwiQXV0b1Rhc2tGcm9udCIsImZpbGV1cGxvYWQiLCJtcVNlcnZpY2UiLCJicWRjLnB1c2htYW5hZ2VyIiwiQW55c2lnbkFwaSJdLCJfYXV0aF91c2VyX2JhY2tlbmQiOiJkamFuZ28uY29udHJpYi5hdXRoLmJhY2tlbmRzLk1vZGVsQmFja2VuZCIsImFwcHN3YXIiOlsiTG9naW5TWVMud2FyIiwiZGF0YWNlbnRlci53YXIiLCJjb3JlSW50ZXJmYWNlLndhciIsImJlZWhpdmUud2FyIiwiQXV0b1Rhc2tCYWNrLndhciIsIkF1dG9UYXNrRnJvbnQud2FyIiwiZmlsZXVwbG9hZC53YXIiLCJtcVNlcnZpY2Uud2FyIiwiYnFkYy5wdXNobWFuYWdlci53YXIiLCJBbnlzaWduQXBpLndhciJdLCJ2ZXJzaW9uIjoidjEwMDEwMCIsInVzZXIiOiJhZG1pbiIsImVudiI6InNpdCIsImVudl9jaGlsZCI6InNpdC1iIiwicHJvamVjdF9jb2RlIjoiSENTIn0=', '2017-03-20 04:57:03'), ('87ji2nju1ppstz5qwron612raljkvs5c', 'MTA4NTNjOGZjZjhhYmU1NDU5MTk2ZWI3YTUyYjI4NGE2MjMyMjFhNTp7Il9hdXRoX3VzZXJfYmFja2VuZCI6ImRqYW5nby5jb250cmliLmF1dGguYmFja2VuZHMuTW9kZWxCYWNrZW5kIiwiX2F1dGhfdXNlcl9oYXNoIjoiYmIxMWVlNTZkM2JjM2U4NTY0NTFjNTk1YTUyZWVjZjc0YTQxMGIxOSIsIl9hdXRoX3VzZXJfaWQiOiIxIiwidGFza2lkIjo1NSwidXNlciI6ImFkbWluIn0=', '2017-02-07 02:34:47'), ('8kj9imgi7da6m1fvbjomkavqczie41ws', 'ZDQ0NTdlMzVlMDM1YjAwN2U2NjQ4ZDVlOGJjM2Q0ZGNiNDA5YmE4Yzp7Il9hdXRoX3VzZXJfYmFja2VuZCI6ImRqYW5nby5jb250cmliLmF1dGguYmFja2VuZHMuTW9kZWxCYWNrZW5kIiwiX2F1dGhfdXNlcl9oYXNoIjoiMzRlMmE3NzQzMjUyOWFmMGNlYjY4MGQ1M2I3MjIyZjA4YWU1ZmIxZSIsIl9hdXRoX3VzZXJfaWQiOiIxIiwidGFza2lkIjoyNSwidXNlciI6MjF9', '2017-02-02 12:44:51'), ('a0a3ci2x2j1wnf4m0cue0c58v4fvamiu', 'NTBlMmYwNTg4OTQ1YWRjMzRjOTE1YzMxNmI0OTlkNmZkM2Y3MDExZTp7InRhc2tpZCI6MjgzfQ==', '2017-03-10 03:03:18'), ('a134uc9q1dug4ybctvuzwlxana9zh9a6', 'MWI4ZjQ1NjRjN2EwN2I3NDRkMGFhNmQ0NjlkZDJjZDc4MDFkYTMyNjp7InRhc2tpZCI6MjgyfQ==', '2017-03-10 03:02:36'), ('bcvml7g4rms6b3t136g0tmocr0fral26', 'ZTVhYjJhYjRmNGFhMjVmZDdlNDgzYzYwYWY4NGVkY2Q1YjA1NmUzOTp7InRhc2tpZCI6MjQyfQ==', '2017-03-08 13:52:22'), ('bjraa68hpiakx2cl2xjt0c22rl597nge', 'YWJmNzg3YzE5NjgyMzM3ZWMzZmY0MzNiYzQzMzdhNWFiODFhMzM3ZTp7InRhc2tpZCI6Mjg0fQ==', '2017-03-10 03:03:21'), ('cqiokd24rhypzhpe4bdxlmh6r1eyic4z', 'NWIxM2E4ODA1ZGU1Njk2NmI4YWU1ZWRiMzk1NjdmOTIxZTQ0MDlhMDp7InByb2plY3RfbmFtZSI6Ilx1ODcwMlx1NWRlMiIsIl9hdXRoX3VzZXJfaGFzaCI6IjY1ZWIxYzg1NDBhZjEyNTJhZWFhYjNmMjhhYWQxMzE3Y2Q4NDVhYjQiLCJ0YXNraWQiOjQ0MCwiX2F1dGhfdXNlcl9pZCI6IjEiLCJhcHBzIjpbIkxvZ2luU1lTIl0sIl9hdXRoX3VzZXJfYmFja2VuZCI6ImRqYW5nby5jb250cmliLmF1dGguYmFja2VuZHMuTW9kZWxCYWNrZW5kIiwiYXBwc3dhciI6WyJMb2dpblNZUy53YXIiLCJ0ZXN0YXBwLndhciIsImJlZWhpdmUud2FyIl0sInZlcnNpb24iOiJ2MTAwMTAwIiwidXNlciI6ImFkbWluIiwiZW52Ijoic2l0IiwiZW52X2NoaWxkIjoic2l0MiIsInByb2plY3RfY29kZSI6IkhDUyJ9', '2017-03-16 13:24:52'), ('cvp5pqgyopxganhep0biutrruhx5qbxh', 'YzRkMWIyZjhmMWMwOTQ4NzEzOTM3YjliY2FiMjY3NjBmMjhlODIzOTp7Il9hdXRoX3VzZXJfaGFzaCI6IjM2ZTBmOTEzMjEyOTA3NmRiM2YwN2MwYjNlMjA4OGJlN2Y3YzljOTciLCJfYXV0aF91c2VyX2JhY2tlbmQiOiJkamFuZ28uY29udHJpYi5hdXRoLmJhY2tlbmRzLk1vZGVsQmFja2VuZCIsIl9hdXRoX3VzZXJfaWQiOiIxIiwidXNlciI6ImFkbWluIn0=', '2017-02-22 02:12:37'), ('d2xqkd7b536wjv9fxgn6a92cbccgri13', 'MTBlODZhYTIxYjdjMjBmMWU1MDg4MTA5OWE1N2M3ZmRhNmY3ODZhMTp7InRhc2tpZCI6Mjc2fQ==', '2017-03-10 02:58:45'), ('dnlis8ymeumylgv9hpy744byxwb1ztjw', 'YzhkYzUxODBjZDNlODY3NGZjMWQ4OGU5ZWVjZTFlNjUxZTVmMjRiODp7InRhc2tpZCI6NTYsIl9hdXRoX3VzZXJfaGFzaCI6IjM2ZTBmOTEzMjEyOTA3NmRiM2YwN2MwYjNlMjA4OGJlN2Y3YzljOTciLCJfYXV0aF91c2VyX2lkIjoiMSIsIl9hdXRoX3VzZXJfYmFja2VuZCI6ImRqYW5nby5jb250cmliLmF1dGguYmFja2VuZHMuTW9kZWxCYWNrZW5kIiwidXNlciI6ImFkbWluIn0=', '2017-02-21 03:03:40'), ('dnpm7035l9iabkvnuzchn3fhx1khuc9c', 'ZTk5NGRkYmE3MDBlNDRhOTBhNGNjYWMwM2UyMjg3NzdlYTkxNWQ1ZTp7InRhc2tpZCI6MjczfQ==', '2017-03-10 02:17:54'), ('eq0q7qhydp8aarhhw7nzh8op4emk43rv', 'Nzg3MDJjOWNmNDhhNzQyYmIwODdjYTJlOGE5Yzc1NTMxY2IzNmEwZDp7InRhc2tpZCI6MjY0fQ==', '2017-03-09 11:22:41'), ('f96b3cmhmjlm1cssz6fe70z6vg1yoslp', 'YTU3ZDJhNDhmNzQzYWZhMzBhNzNhZDE2N2VhMTViZjNlZDU2ZjYzNTp7InByb2plY3RfbmFtZSI6Ilx1ODcwMlx1NWRlMiIsIl9hdXRoX3VzZXJfaGFzaCI6Ijc4N2ZjZWMwYTM2NDM1YjcxMTJmNjU3Y2RkNmU5ODMxNzFlYWI0N2EiLCJ0YXNraWQiOjMyOSwiX2F1dGhfdXNlcl9pZCI6IjEiLCJhcHBzIjpbIkxvZ2luU1lTIiwidGVzdGFwcCIsImJlZWhpdmUiXSwiX2F1dGhfdXNlcl9iYWNrZW5kIjoiZGphbmdvLmNvbnRyaWIuYXV0aC5iYWNrZW5kcy5Nb2RlbEJhY2tlbmQiLCJhcHBzd2FyIjpbIkxvZ2luU1lTLndhciIsInRlc3RhcHAud2FyIiwiYmVlaGl2ZS53YXIiXSwidmVyc2lvbiI6InYxMDAxMDAiLCJ1c2VyIjoiYWRtaW4iLCJlbnYiOiJzaXQiLCJlbnZfY2hpbGQiOiJzaXQxIiwicHJvamVjdF9jb2RlIjoiSENTIn0=', '2017-03-15 07:39:51'), ('gjbmf2jn68r1xwju1b7zef6fob6qku12', 'YzI0YzEwYzM4YWQzZGE3ODE5ZGU0MmE1MjZjMDUyYmJlMzMzNzdkODp7InRhc2tpZCI6MjQ2fQ==', '2017-03-09 01:13:50'), ('gmfmwsnit19o48m60f4ijzcpp0vur2qm', 'YjYzMWNlZmZlNDliYjFlNWExODVlMmMwMDU0NTAwZjc2ZTNlMDZkYjp7InRhc2tpZCI6MjQ1fQ==', '2017-03-09 01:13:50'), ('hdnlytfe6t9m9b7s6ix8bq5eieiy33uz', 'NDQ1NTYxYWE2OTUzMTAzODY2NWNjMDViMTc5ZmJmN2Y3ZjVlMjkzNDp7InByb2plY3RfbmFtZSI6Ilx1ODcwMlx1NWRlMiIsIl9hdXRoX3VzZXJfaGFzaCI6ImU2ZmMyZDU0MTQ0OTUwNjJkODk0MTU1NTkwODkzNzA3YWU1NTZkOGEiLCJ0YXNraWQiOjQzNiwiX2F1dGhfdXNlcl9pZCI6IjEiLCJhcHBzIjpbIkxvZ2luU1lTIl0sIl9hdXRoX3VzZXJfYmFja2VuZCI6ImRqYW5nby5jb250cmliLmF1dGguYmFja2VuZHMuTW9kZWxCYWNrZW5kIiwiYXBwc3dhciI6WyJMb2dpblNZUy53YXIiLCJ0ZXN0YXBwLndhciIsImJlZWhpdmUud2FyIl0sInZlcnNpb24iOiJ2MTAwMTAwIiwidXNlciI6ImFkbWluIiwiZW52Ijoic2l0IiwiZW52X2NoaWxkIjoic2l0MSIsInByb2plY3RfY29kZSI6IkhDUyJ9', '2017-03-16 12:29:26'), ('ijx0qhhlen7sl5wjcjhuj6u1rxdjdsux', 'ZmY1YjliNzllZjU4MWNmODIyMWJhNmYwOWMwMTU2MGIyMjFkOGVkODp7InRhc2tpZCI6Mjg3fQ==', '2017-03-10 03:04:20'), ('il32gjzs4nqmmpwsdbgqxm1d289nankd', 'M2RiNjUyN2QzMzY3NjI5ZDJmMWE2MGMyM2I1NDEyYzA3NjQzMTk3Mjp7Il9hdXRoX3VzZXJfaGFzaCI6ImNlOWQyMzMyNGNkM2MwY2YwZjhhNDU4YTY2MmM4OGIwYTMwMzY3N2QiLCJfYXV0aF91c2VyX2lkIjoiMSIsIl9hdXRoX3VzZXJfYmFja2VuZCI6ImRqYW5nby5jb250cmliLmF1dGguYmFja2VuZHMuTW9kZWxCYWNrZW5kIiwidXNlciI6ImFkbWluIiwiZW52Ijoic2l0IiwiZW52X2NoaWxkIjoic2l0MSJ9', '2017-03-15 03:17:39'), ('im5z866m1i966fhsttw6kuf5c337miyu', 'MTQ4N2VmZTBmYjNmMjNiZGM5MGY5MDdlOWMxMWU2YzA0Mjc1NjA5MDp7InRhc2tpZCI6MTk3fQ==', '2017-03-03 02:24:20'), ('j4yta0ic8jopm2kouwqhq8fy2ptyfgw5', 'N2I0ZWU0MDE3M2IwNTM4NmYxZTNkZDcxMmE1ZjVmYzViMTc4NjZmNTp7InRhc2tpZCI6Mjc4fQ==', '2017-03-10 03:00:32'), ('jmoq3q0i0bwk9uqmit15vn5yvcpnh3z9', 'NDZlMGMwMjBhODYzOGQyOGRhNGI4YzkyNDM2NTRlYTRiZWM5NWYxMTp7InRhc2tpZCI6MjM3fQ==', '2017-03-08 12:53:34'), ('kguq0t618ibcslcg9ozcj1vcj19i7v0y', 'MDk0NTRiMmUxYjM0MmQ5MWNjMzQ0MDlmODkzNzYyOWU3YjYzMmJlODp7InByb2plY3RfbmFtZSI6Ilx1ODcwMlx1NWRlMiIsIl9hdXRoX3VzZXJfaGFzaCI6Ijc4N2ZjZWMwYTM2NDM1YjcxMTJmNjU3Y2RkNmU5ODMxNzFlYWI0N2EiLCJ0YXNraWQiOjMzMCwiX2F1dGhfdXNlcl9pZCI6IjEiLCJhcHBzIjpbIkxvZ2luU1lTIiwidGVzdGFwcCIsImJlZWhpdmUiXSwiX2F1dGhfdXNlcl9iYWNrZW5kIjoiZGphbmdvLmNvbnRyaWIuYXV0aC5iYWNrZW5kcy5Nb2RlbEJhY2tlbmQiLCJhcHBzd2FyIjpbIkxvZ2luU1lTLndhciIsInRlc3RhcHAud2FyIiwiYmVlaGl2ZS53YXIiXSwidmVyc2lvbiI6InYxMDAxMDAiLCJ1c2VyIjoiYWRtaW4iLCJlbnYiOiJzaXQiLCJlbnZfY2hpbGQiOiJzaXQxIiwicHJvamVjdF9jb2RlIjoiSENTIn0=', '2017-03-15 07:41:27'), ('kvqbi80e14e3w6o44q126sr06sy74e57', 'MTI0N2Y1ZjdmNDBiY2Q2NmNiMzRkZjAwMmE4NzcwMTYwYzY4NTI0Yjp7Il9hdXRoX3VzZXJfYmFja2VuZCI6ImRqYW5nby5jb250cmliLmF1dGguYmFja2VuZHMuTW9kZWxCYWNrZW5kIiwiX2F1dGhfdXNlcl9oYXNoIjoiNGMzODFjMmQxYTBjZmQ3YThjNTQzZWY2NTU5MzE2OGQyNTU0NzVlMiIsIl9hdXRoX3VzZXJfaWQiOiIxIiwidGFza2lkIjoyMTksInVzZXIiOiJhZG1pbiJ9', '2017-03-03 08:22:37'), ('lenjx1bai238b6os7iwdsyf273jemet3', 'MzBiYmI3MDcxOWZjYjZlN2JhYmM3ZWNkMzRiOWQyYzBiYTViNTY3Mzp7InByb2plY3RfbmFtZSI6Ilx1ODcwMlx1NWRlMiIsInZlcnNpb24iOiJ2MTAwMTAwIiwiX2F1dGhfdXNlcl9pZCI6IjEiLCJfYXV0aF91c2VyX2JhY2tlbmQiOiJkamFuZ28uY29udHJpYi5hdXRoLmJhY2tlbmRzLk1vZGVsQmFja2VuZCIsImFwcHN3YXIiOlsiTG9naW5TWVMud2FyIiwidGVzdGFwcC53YXIiLCJiZWVoaXZlLndhciJdLCJlbnZfY2hpbGQiOiJzaXQxIiwidXNlciI6ImFkbWluIiwiZW52Ijoic2l0IiwiX2F1dGhfdXNlcl9oYXNoIjoiNjVlYjFjODU0MGFmMTI1MmFlYWFiM2YyOGFhZDEzMTdjZDg0NWFiNCIsInByb2plY3RfY29kZSI6IkhDUyJ9', '2017-03-16 12:51:57'), ('ljxitjpca8h12w3zz0i9ck88pigj4egn', 'M2RiNjUyN2QzMzY3NjI5ZDJmMWE2MGMyM2I1NDEyYzA3NjQzMTk3Mjp7Il9hdXRoX3VzZXJfaGFzaCI6ImNlOWQyMzMyNGNkM2MwY2YwZjhhNDU4YTY2MmM4OGIwYTMwMzY3N2QiLCJfYXV0aF91c2VyX2lkIjoiMSIsIl9hdXRoX3VzZXJfYmFja2VuZCI6ImRqYW5nby5jb250cmliLmF1dGguYmFja2VuZHMuTW9kZWxCYWNrZW5kIiwidXNlciI6ImFkbWluIiwiZW52Ijoic2l0IiwiZW52X2NoaWxkIjoic2l0MSJ9', '2017-03-15 03:28:51'), ('m6qgemofkf48raq2l5bp9ckbtql024wo', 'YWY5YTc4ZGFiMmY5MzRkMDIyNGFiYmZkNTE5NzhhNTJlZjJhYjgxODp7InByb2plY3RfbmFtZSI6Ilx1ODcwMlx1NWRlMiIsInRhc2tpZCI6NDQxLCJfYXV0aF91c2VyX2lkIjoiMSIsImFwcHMiOlsiTG9naW5TWVMiXSwiX2F1dGhfdXNlcl9iYWNrZW5kIjoiZGphbmdvLmNvbnRyaWIuYXV0aC5iYWNrZW5kcy5Nb2RlbEJhY2tlbmQiLCJhcHBzd2FyIjpbIkxvZ2luU1lTLndhciIsInRlc3RhcHAud2FyIiwiYmVlaGl2ZS53YXIiXSwiZW52X2NoaWxkIjoic2l0MSIsInZlcnNpb24iOiJ2MTAwMTAwIiwidXNlciI6ImFkbWluIiwiZW52Ijoic2l0IiwiX2F1dGhfdXNlcl9oYXNoIjoiNjVlYjFjODU0MGFmMTI1MmFlYWFiM2YyOGFhZDEzMTdjZDg0NWFiNCIsInByb2plY3RfY29kZSI6IkhDUyJ9', '2017-03-17 01:08:39'), ('my8jnpw69bku276hsatmcd874zt58ej9', 'NzcxMjUwOTE3MzMwYTI0ZTA2OGE0ZjcyNWZjZTdiYmEzYzYzYTMwMzp7Il9hdXRoX3VzZXJfaGFzaCI6Ijg5YTU3N2JkN2Y1Mjc4M2NmMDYyOWU0YTExN2I4Yjc0ZTM5MDdjMjkiLCJfYXV0aF91c2VyX2JhY2tlbmQiOiJkamFuZ28uY29udHJpYi5hdXRoLmJhY2tlbmRzLk1vZGVsQmFja2VuZCIsIl9hdXRoX3VzZXJfaWQiOiIxIiwidXNlciI6ImFkbWluIn0=', '2017-03-20 07:22:20'), ('o72sg0moqnmrwcpq2jr7yvglbx82shv2', 'MmIzNDNjYjAxZmJiMDJiNjZhNDExODgxZDRmZjM4YTgwYjRjN2RlYzp7Il9hdXRoX3VzZXJfaGFzaCI6IjdhNzQyOTc1NGZjYTdiMGUwYTVjZmU0ZTRhOGZhODIyZGY4NzljMWQiLCJfYXV0aF91c2VyX2JhY2tlbmQiOiJkamFuZ28uY29udHJpYi5hdXRoLmJhY2tlbmRzLk1vZGVsQmFja2VuZCIsIl9hdXRoX3VzZXJfaWQiOiIxIiwidXNlciI6ImFkbWluIn0=', '2017-03-13 07:05:07'), ('p7l4kojaq076ik0nchmv9cbx5b23ol36', 'ZmExZjljNjcyZTQ3N2ViMDU0ZDlhNWZmMGIyYmMwYzAzMzMzZTAyNTp7InByb2plY3RfbmFtZSI6Ilx1ODcwMlx1NWRlMiIsIl9hdXRoX3VzZXJfaGFzaCI6IjY1ZWIxYzg1NDBhZjEyNTJhZWFhYjNmMjhhYWQxMzE3Y2Q4NDVhYjQiLCJ0YXNraWQiOjQ0MiwiX2F1dGhfdXNlcl9pZCI6IjEiLCJhcHBzIjpbIkxvZ2luU1lTIl0sIl9hdXRoX3VzZXJfYmFja2VuZCI6ImRqYW5nby5jb250cmliLmF1dGguYmFja2VuZHMuTW9kZWxCYWNrZW5kIiwiYXBwc3dhciI6WyJMb2dpblNZUy53YXIiLCJiZWVoaXZlLndhciJdLCJ2ZXJzaW9uIjoidjEwMDEwMiIsInVzZXIiOiJhZG1pbiIsImVudiI6InNpdCIsImVudl9jaGlsZCI6InNpdDEiLCJwcm9qZWN0X2NvZGUiOiJIQ1MifQ==', '2017-03-17 01:46:30'), ('pvioctm7ziwlohqelggw91opa75n2blk', 'MjE0MmI2Y2MwMmI2ODA1OWE5ZGFjMTM3MjY0YjBlM2FlNGZlY2UyNTp7InByb2plY3RfbmFtZSI6Ilx1ODcwMlx1NWRlMiIsInRhc2tpZCI6NDM5LCJfYXV0aF91c2VyX2lkIjoiMSIsImFwcHMiOlsiTG9naW5TWVMiLCJ0ZXN0YXBwIiwiYmVlaGl2ZSJdLCJfYXV0aF91c2VyX2JhY2tlbmQiOiJkamFuZ28uY29udHJpYi5hdXRoLmJhY2tlbmRzLk1vZGVsQmFja2VuZCIsImFwcHN3YXIiOlsiTG9naW5TWVMud2FyIiwidGVzdGFwcC53YXIiLCJiZWVoaXZlLndhciJdLCJlbnZfY2hpbGQiOiJzaXQxIiwidmVyc2lvbiI6InYxMDAxMDAiLCJ1c2VyIjoiYWRtaW4iLCJlbnYiOiJzaXQiLCJfYXV0aF91c2VyX2hhc2giOiI2NWViMWM4NTQwYWYxMjUyYWVhYWIzZjI4YWFkMTMxN2NkODQ1YWI0IiwicHJvamVjdF9jb2RlIjoiSENTIn0=', '2017-03-16 12:58:26'), ('qadz0t3r8vis1k3xw64w9oc4ruczes34', 'MDlmOWZmYjM1ZmE3ZGQyZTU0NTJlZjFmYjY1MmZiNjBiNTAxNWRlYTp7InRhc2tpZCI6MjcyfQ==', '2017-03-10 02:17:11'), ('qye5c0uk5fvjvq9nn61phfrdjgj9tohe', 'MmI4MTk0YzgzNDIwM2Q5YjBiODZmNjNlN2UyOTM1ZTAwNGVjMDE4Mjp7InByb2plY3RfbmFtZSI6Ilx1ODcwMlx1NWRlMiIsIl9hdXRoX3VzZXJfaGFzaCI6IjhhMmQzNjc1YTZmOTU4YmI2MzkyYjdiYWMyYjE5ZWYwMzk5YTY4NmQiLCJ0YXNraWQiOjM1NCwiX2F1dGhfdXNlcl9pZCI6IjEiLCJhcHBzIjpbIkxvZ2luU1lTIiwidGVzdGFwcCIsImJlZWhpdmUiXSwiX2F1dGhfdXNlcl9iYWNrZW5kIjoiZGphbmdvLmNvbnRyaWIuYXV0aC5iYWNrZW5kcy5Nb2RlbEJhY2tlbmQiLCJhcHBzd2FyIjpbIkxvZ2luU1lTLndhciIsInRlc3RhcHAud2FyIiwiYmVlaGl2ZS53YXIiXSwidmVyc2lvbiI6InYxMDAxMDAiLCJ1c2VyIjoiYWRtaW4iLCJlbnYiOiJzaXQiLCJlbnZfY2hpbGQiOiJzaXQxIiwicHJvamVjdF9jb2RlIjoiSENTIn0=', '2017-03-16 03:55:48'), ('r1sf9ywp12xjm3d9wjvicky2n4xwfove', 'ZWE4MTAzNDljMDNiMWI4OWY5ZThkMjU4ZTE0YTc2NDBhZWI3MTZhYzp7InByb2plY3RfbmFtZSI6Ilx1ODcwMlx1NWRlMiIsIl9hdXRoX3VzZXJfaWQiOiIxIiwiX2F1dGhfdXNlcl9iYWNrZW5kIjoiZGphbmdvLmNvbnRyaWIuYXV0aC5iYWNrZW5kcy5Nb2RlbEJhY2tlbmQiLCJ1c2VyIjoiYWRtaW4iLCJlbnYiOiJ1YXQiLCJfYXV0aF91c2VyX2hhc2giOiI2NWViMWM4NTQwYWYxMjUyYWVhYWIzZjI4YWFkMTMxN2NkODQ1YWI0IiwicHJvamVjdF9jb2RlIjoiMCJ9', '2017-03-19 08:24:08'), ('r5mdghojygy3r75q2b8i7i6mz3xhvqlv', 'MTEwMDAyZWNiMmJkMzEzZDI0NDJhNWQ4NmZmNGVkZDBjZTQ1MzZhMjp7InRhc2tpZCI6MjY5fQ==', '2017-03-10 02:09:33'), ('r88s0v3s3yoqxxygdw4mdradfwi1nt9h', 'ODEwODllOWI4ZTE4MjA1NDE2MmI4MWQyNDVlNDJlMTc2NDk1NzJiNjp7InRhc2tpZCI6MjM4fQ==', '2017-03-08 12:53:57'), ('r9nv7uy099q20xqlpotw9gldf9gjkv3a', 'ZDg2YWE3OTQzY2EyYmVkMjZkMjRmMmU5MjFiZDg1ZjhlNjRiYjkyODp7InRhc2tpZCI6Mjc5fQ==', '2017-03-10 03:00:36'), ('rme1f23gyyzs6m72lm6m7fd0x42oxgzt', 'ZWY2OTdiNWVmMTE5OGZhNTc3NTM2MjI0MjFiMWVhNGZlY2I3YTU1ODp7Il9hdXRoX3VzZXJfaGFzaCI6ImFlMmM2ZjU1MzQ5MWIzYmVmZjEyMzBhYmI4ODVlNWZmODNiOTg3ZGYiLCJfYXV0aF91c2VyX2JhY2tlbmQiOiJkamFuZ28uY29udHJpYi5hdXRoLmJhY2tlbmRzLk1vZGVsQmFja2VuZCIsIl9hdXRoX3VzZXJfaWQiOiIxIiwidXNlciI6ImFkbWluIn0=', '2017-02-03 08:32:58'), ('rpahgzi8l697172189pqoo1k6hvfy2nf', 'ODlmZDg5MGZjODQ5NDQ2ZDAxMDc5YTM5MTA3ZWU1MzIxOTJhZjFlNTp7InRhc2tpZCI6MjQ0fQ==', '2017-03-08 13:53:29'), ('rrgahdxl2aowib082flr6w7x1j71aiie', 'NWY5Y2Q2MjQ2MTBlZTUxMGI3YjNlNmYwMGQxYTQ5MWIzOGViZDQ4NDp7InRhc2tpZCI6MjQ3fQ==', '2017-03-09 01:13:50'), ('sfhzalj77457gmsks9srt76ol7kznwcb', 'MzI0YTMwNzIwZmNlNzNhYjE1OTk3Mzk5ZDhjZDA1NjJkN2UxODRhZDp7InRhc2tpZCI6MjM2LCJfYXV0aF91c2VyX2hhc2giOiI0YzM4MWMyZDFhMGNmZDdhOGM1NDNlZjY1NTkzMTY4ZDI1NTQ3NWUyIiwiX2F1dGhfdXNlcl9pZCI6IjEiLCJfYXV0aF91c2VyX2JhY2tlbmQiOiJkamFuZ28uY29udHJpYi5hdXRoLmJhY2tlbmRzLk1vZGVsQmFja2VuZCIsInVzZXIiOiJhZG1pbiJ9', '2017-03-06 07:00:28'), ('tkb20j8jncxz9mngv57unb2v9ybk7t2q', 'ZTI1N2Q5NWVkMDgyZGMzOTVlZmI5MTc2YzEzMWMxZGUzMzNhNTRlNzp7Il9hdXRoX3VzZXJfaGFzaCI6IjFiNDFkMzE1MGQ3MWI3ZDk3YmM3ZDZlMTM3MWRhNGYzNDhmYmNlYTMiLCJfYXV0aF91c2VyX2JhY2tlbmQiOiJkamFuZ28uY29udHJpYi5hdXRoLmJhY2tlbmRzLk1vZGVsQmFja2VuZCIsIl9hdXRoX3VzZXJfaWQiOiIxIiwidXNlciI6ImFkbWluIn0=', '2017-03-16 11:16:50'), ('tn9kumnvd50u8c94acqslmjlvioyk1em', 'NGEzNmY4ZjVlY2MwNzdhMzM5OGMzMjg4Mjc0MTM4ZmZiODJlYWMyYTp7Il9hdXRoX3VzZXJfaGFzaCI6IjY1ZWIxYzg1NDBhZjEyNTJhZWFhYjNmMjhhYWQxMzE3Y2Q4NDVhYjQiLCJfYXV0aF91c2VyX2lkIjoiMSIsIl9hdXRoX3VzZXJfYmFja2VuZCI6ImRqYW5nby5jb250cmliLmF1dGguYmFja2VuZHMuTW9kZWxCYWNrZW5kIiwidXNlciI6ImFkbWluIiwiZW52Ijoic2l0IiwiZW52X2NoaWxkIjoic2l0NCJ9', '2017-03-17 01:19:44'), ('u4c5c7yckz3qpkmfvqmmt5a0jprzow85', 'Y2Y5NzIzMDBkNjY3OGIyNmQ0NGUyMjkyZTEzMmJhMjU4NjFmOGI5ZTp7InRhc2tpZCI6Mjg2fQ==', '2017-03-10 03:04:05'), ('uctm3ei0wkxfnmbh8yrs4da85it9xnn1', 'Mjk3ZjE0MzcxMGU4MjUxZDQ0NTE1OTZhZjA4MjZiNTNjZjQ4ODQ4YTp7InRhc2tpZCI6MjQzfQ==', '2017-03-08 13:52:54'), ('ude7fufakw1fxb94vm0xx1pa7uaisk3o', 'N2RkMmY0M2FkYTY4MTRlNGY3OGNkY2U1MjkyNWFjNzgwMGQ2ODU1Njp7InByb2plY3RfbmFtZSI6Ilx1ODcwMlx1NWRlMiIsIl9hdXRoX3VzZXJfaGFzaCI6IjkzMDFjNjUzMDc1YWZhNzc4ZDQ2N2FmNTViYmE3MGVmZTRlY2JjMWEiLCJ0YXNraWQiOjM4OSwiX2F1dGhfdXNlcl9pZCI6IjEiLCJhcHBzIjpbIkxvZ2luU1lTIl0sIl9hdXRoX3VzZXJfYmFja2VuZCI6ImRqYW5nby5jb250cmliLmF1dGguYmFja2VuZHMuTW9kZWxCYWNrZW5kIiwiYXBwc3dhciI6WyJMb2dpblNZUy53YXIiLCJ0ZXN0YXBwLndhciIsImJlZWhpdmUud2FyIl0sInZlcnNpb24iOiJ2MTAwMTAwIiwidXNlciI6ImFkbWluIiwiZW52Ijoic2l0IiwiZW52X2NoaWxkIjoic2l0MSIsInByb2plY3RfY29kZSI6IkhDUyJ9', '2017-03-16 08:31:14'), ('umd0vtxqf4z9h1g1clbanukinixohqat', 'NWE0NzhkYTU1MzFkZDg0MmEzNjEzOTI4MTllNGJmMTViNDhmMGFjOTp7InRhc2tpZCI6MTY1fQ==', '2017-02-23 09:46:36'), ('vkeo3skfwn1tf487hiz8acm1zb3zgbes', 'MmIzNDNjYjAxZmJiMDJiNjZhNDExODgxZDRmZjM4YTgwYjRjN2RlYzp7Il9hdXRoX3VzZXJfaGFzaCI6IjdhNzQyOTc1NGZjYTdiMGUwYTVjZmU0ZTRhOGZhODIyZGY4NzljMWQiLCJfYXV0aF91c2VyX2JhY2tlbmQiOiJkamFuZ28uY29udHJpYi5hdXRoLmJhY2tlbmRzLk1vZGVsQmFja2VuZCIsIl9hdXRoX3VzZXJfaWQiOiIxIiwidXNlciI6ImFkbWluIn0=', '2017-03-11 02:55:17'), ('woh9q1cds1s4oc3srf6xkle64ajeeqy2', 'ZDExNjE4Njg0ZGIxZDM0NTRmYWZhNzdlZjQ1MGZkNjgxMjM3MDJiNzp7InRhc2tpZCI6MjcxfQ==', '2017-03-10 02:16:21'), ('wtc61pkhk0ayly75fweoxc4a1kr97uvr', 'YTRkOTk0NzJlYWZjNGEzOGYwZWEzMmJkNjRhYjI5NjdmMTRjMjc2Yzp7InRhc2tpZCI6Mjg4fQ==', '2017-03-10 03:04:22'), ('wupyuk498zmu243r7veymiqxechzcxet', 'ZjAxNWZiM2I3YjE0MDE3ZTc0ZjVlMDVjZmU5NmEzYzhiOTA4ZDVhMTp7InByb2plY3RfbmFtZSI6Ilx1ODcwMlx1NWRlMiIsIl9hdXRoX3VzZXJfaWQiOiIxIiwiX2F1dGhfdXNlcl9iYWNrZW5kIjoiZGphbmdvLmNvbnRyaWIuYXV0aC5iYWNrZW5kcy5Nb2RlbEJhY2tlbmQiLCJ1c2VyIjoiYWRtaW4iLCJlbnYiOiJwcmQiLCJfYXV0aF91c2VyX2hhc2giOiI2NWViMWM4NTQwYWYxMjUyYWVhYWIzZjI4YWFkMTMxN2NkODQ1YWI0IiwicHJvamVjdF9jb2RlIjoiMCJ9', '2017-03-17 01:42:14'), ('z0xp7e8ezacc96j02s222p95vpei7mqj', 'ZWE4MTAzNDljMDNiMWI4OWY5ZThkMjU4ZTE0YTc2NDBhZWI3MTZhYzp7InByb2plY3RfbmFtZSI6Ilx1ODcwMlx1NWRlMiIsIl9hdXRoX3VzZXJfaWQiOiIxIiwiX2F1dGhfdXNlcl9iYWNrZW5kIjoiZGphbmdvLmNvbnRyaWIuYXV0aC5iYWNrZW5kcy5Nb2RlbEJhY2tlbmQiLCJ1c2VyIjoiYWRtaW4iLCJlbnYiOiJ1YXQiLCJfYXV0aF91c2VyX2hhc2giOiI2NWViMWM4NTQwYWYxMjUyYWVhYWIzZjI4YWFkMTMxN2NkODQ1YWI0IiwicHJvamVjdF9jb2RlIjoiMCJ9', '2017-03-16 13:06:55'), ('zse35ortsl1822dkr65919uk3oy2zxmb', 'MjY4MDIyMmUxZTFhMzcxYzMwN2Y4NDI0OTdiN2FkNjAyZjBlYzk1MDp7InRhc2tpZCI6MjgwfQ==', '2017-03-10 03:00:42');
COMMIT;

-- ----------------------------
--  Table structure for `release_config`
-- ----------------------------
DROP TABLE IF EXISTS `release_config`;
CREATE TABLE `release_config` (
  `id` int(11) NOT NULL AUTO_INCREMENT,
  `item` varchar(50) NOT NULL,
  `value` varchar(50) NOT NULL,
  `remark` varchar(255) NOT NULL,
  `project_env_id` int(11) NOT NULL,
  PRIMARY KEY (`id`)
) ENGINE=InnoDB AUTO_INCREMENT=11 DEFAULT CHARSET=utf8;

-- ----------------------------
--  Records of `release_config`
-- ----------------------------
BEGIN;
INSERT INTO `release_config` VALUES ('6', 'sftp_host', '10.80.7.84', 'ftp 服务器主机名', '4'), ('7', 'sftp_user', 'sit_HCS', '登录ftp的用户名', '4'), ('8', 'sftp_pass', '!QAZxsw2', '登录ftp的密码', '4'), ('9', 'sftp_basedir', '/', 'ftp的基目录', '4'), ('10', 'sftp_port', '22', '登录到ftp的端口号', '4');
COMMIT;

-- ----------------------------
--  Table structure for `release_env`
-- ----------------------------
DROP TABLE IF EXISTS `release_env`;
CREATE TABLE `release_env` (
  `id` int(11) NOT NULL AUTO_INCREMENT,
  `name` varchar(20) NOT NULL,
  `remark` varchar(50) NOT NULL,
  PRIMARY KEY (`id`)
) ENGINE=InnoDB AUTO_INCREMENT=6 DEFAULT CHARSET=utf8;

-- ----------------------------
--  Records of `release_env`
-- ----------------------------
BEGIN;
INSERT INTO `release_env` VALUES ('1', 'dev', '开发环境'), ('2', 'sit', ''), ('3', 'uat', ' '), ('4', 'pre', ' '), ('5', 'prd', ' ');
COMMIT;

-- ----------------------------
--  Table structure for `release_env_child`
-- ----------------------------
DROP TABLE IF EXISTS `release_env_child`;
CREATE TABLE `release_env_child` (
  `id` int(11) NOT NULL AUTO_INCREMENT,
  `envchild_name` varchar(24) NOT NULL,
  `env_id_id` int(11) NOT NULL,
  PRIMARY KEY (`id`),
  KEY `release_env_child_env_id_id_695a238d_fk_release_env_id` (`env_id_id`),
  CONSTRAINT `release_env_child_env_id_id_695a238d_fk_release_env_id` FOREIGN KEY (`env_id_id`) REFERENCES `release_env` (`id`)
) ENGINE=InnoDB AUTO_INCREMENT=6 DEFAULT CHARSET=utf8;

-- ----------------------------
--  Records of `release_env_child`
-- ----------------------------
BEGIN;
INSERT INTO `release_env_child` VALUES ('1', 'sit1', '2'), ('2', 'sit2', '2'), ('3', 'sit3', '2'), ('4', 'sit4', '2'), ('5', 'uat-b', '3');
COMMIT;

-- ----------------------------
--  Table structure for `release_nav`
-- ----------------------------
DROP TABLE IF EXISTS `release_nav`;
CREATE TABLE `release_nav` (
  `id` int(11) NOT NULL AUTO_INCREMENT,
  `text` varchar(50) NOT NULL,
  `state` varchar(20) NOT NULL,
  `icon` varchar(50) NOT NULL,
  `is_valid` smallint(6) NOT NULL,
  `nid` int(11) NOT NULL,
  `is_endnode` smallint(6) NOT NULL,
  PRIMARY KEY (`id`)
) ENGINE=InnoDB DEFAULT CHARSET=utf8;

-- ----------------------------
--  Table structure for `release_project`
-- ----------------------------
DROP TABLE IF EXISTS `release_project`;
CREATE TABLE `release_project` (
  `id` int(11) NOT NULL AUTO_INCREMENT,
  `name` varchar(20) NOT NULL,
  `remark` varchar(50) NOT NULL,
  PRIMARY KEY (`id`)
) ENGINE=InnoDB AUTO_INCREMENT=5 DEFAULT CHARSET=utf8;

-- ----------------------------
--  Records of `release_project`
-- ----------------------------
BEGIN;
INSERT INTO `release_project` VALUES ('1', 'HCS', '蜂巢'), ('2', 'WW', '外围'), ('3', 'HX', '安硕'), ('4', 'ALS', '消费贷');
COMMIT;

-- ----------------------------
--  Table structure for `release_project_env_child`
-- ----------------------------
DROP TABLE IF EXISTS `release_project_env_child`;
CREATE TABLE `release_project_env_child` (
  `id` int(11) NOT NULL AUTO_INCREMENT,
  `project_id` int(11) NOT NULL,
  `env_child_id` int(11) NOT NULL,
  PRIMARY KEY (`id`),
  UNIQUE KEY `release_project_env_child_project_id_d7b8e842_uniq` (`project_id`,`env_child_id`),
  KEY `release_project_en_env_child_id_45c3147e_fk_release_env_child_id` (`env_child_id`),
  CONSTRAINT `release_project_en_env_child_id_45c3147e_fk_release_env_child_id` FOREIGN KEY (`env_child_id`) REFERENCES `release_env_child` (`id`),
  CONSTRAINT `release_project_env_ch_project_id_48a9bade_fk_release_project_id` FOREIGN KEY (`project_id`) REFERENCES `release_project` (`id`)
) ENGINE=InnoDB AUTO_INCREMENT=5 DEFAULT CHARSET=utf8;

-- ----------------------------
--  Records of `release_project_env_child`
-- ----------------------------
BEGIN;
INSERT INTO `release_project_env_child` VALUES ('1', '1', '1'), ('2', '1', '2'), ('3', '1', '3'), ('4', '1', '5');
COMMIT;

-- ----------------------------
--  Table structure for `task_app`
-- ----------------------------
DROP TABLE IF EXISTS `task_app`;
CREATE TABLE `task_app` (
  `id` int(10) unsigned NOT NULL AUTO_INCREMENT COMMENT '自增',
  `app_id` int(10) NOT NULL COMMENT '关联到此次发布的应用的id',
  `task_project_id` int(10) NOT NULL COMMENT '关联项目id',
  PRIMARY KEY (`id`)
) ENGINE=InnoDB DEFAULT CHARSET=utf8 COMMENT='发布任务对于的应用';

-- ----------------------------
--  Table structure for `task_machine`
-- ----------------------------
DROP TABLE IF EXISTS `task_machine`;
CREATE TABLE `task_machine` (
  `id` int(10) unsigned NOT NULL AUTO_INCREMENT COMMENT '自增',
  `machine_id` int(10) NOT NULL COMMENT '关联机器id',
  `app_id` int(10) NOT NULL COMMENT '关联应用的id',
  PRIMARY KEY (`id`)
) ENGINE=InnoDB DEFAULT CHARSET=utf8 COMMENT='发布任务应用机器表';

-- ----------------------------
--  Table structure for `task_project`
-- ----------------------------
DROP TABLE IF EXISTS `task_project`;
CREATE TABLE `task_project` (
  `id` int(10) unsigned NOT NULL AUTO_INCREMENT COMMENT '自增',
  `task_id` int(10) NOT NULL COMMENT '关联发布任务id',
  `version` varchar(50) NOT NULL COMMENT '项目发布的版本号，每个项目有个版本号',
  PRIMARY KEY (`id`)
) ENGINE=InnoDB DEFAULT CHARSET=utf8 COMMENT='发布任务项目表';

-- ----------------------------
--  Table structure for `task_step`
-- ----------------------------
DROP TABLE IF EXISTS `task_step`;
CREATE TABLE `task_step` (
  `id` int(10) unsigned NOT NULL AUTO_INCREMENT COMMENT '自增',
  `task_id` int(10) NOT NULL COMMENT '关联任务id',
  `step_id` int(10) NOT NULL COMMENT '关联步骤id',
  `start_time` int(10) NOT NULL COMMENT '此任务发布步骤开始的时间',
  `end_time` int(10) NOT NULL COMMENT '此任务步骤的结束时间',
  `status` tinyint(2) NOT NULL DEFAULT '0' COMMENT '此任务步骤的状态（0:未开始默认；1：进行中；2：已完成；-1：失败）',
  `is_stoped` tinyint(2) unsigned NOT NULL DEFAULT '0' COMMENT '此步骤执行完成后，是否继续执行下一步（0：是； 1：停止）',
  PRIMARY KEY (`id`)
) ENGINE=InnoDB AUTO_INCREMENT=2553 DEFAULT CHARSET=utf8 COMMENT='发布任务步骤表';

-- ----------------------------
--  Records of `task_step`
-- ----------------------------
BEGIN;
INSERT INTO `task_step` VALUES ('1776', '341', '8', '1488423202', '0', '0', '0'), ('1777', '341', '1', '1488423202', '0', '0', '1'), ('1778', '341', '2', '1488423202', '0', '0', '0'), ('1779', '341', '4', '1488423202', '0', '0', '0'), ('1780', '341', '5', '1488423202', '0', '0', '0'), ('1781', '341', '6', '1488423202', '0', '0', '0'), ('1782', '341', '7', '1488423202', '0', '0', '1'), ('1783', '342', '8', '1488423808', '1488423820', '2', '0'), ('1784', '342', '1', '1488423307', '0', '0', '0'), ('1785', '342', '2', '1488423307', '0', '0', '0'), ('1786', '342', '4', '1488423307', '0', '0', '0'), ('1787', '342', '5', '1488423307', '0', '0', '0'), ('1788', '342', '6', '1488423307', '0', '0', '0'), ('1789', '342', '7', '1488423307', '0', '0', '1'), ('1790', '343', '8', '1488424553', '1488424564', '2', '0'), ('1791', '343', '1', '1488425372', '1488425373', '2', '0'), ('1792', '343', '2', '1488425412', '1488425412', '1', '0'), ('1793', '343', '4', '1488424355', '0', '0', '0'), ('1794', '343', '5', '1488424355', '0', '0', '1'), ('1795', '343', '6', '1488424355', '0', '0', '0'), ('1796', '343', '7', '1488424355', '0', '0', '1'), ('1797', '344', '8', '1488425623', '1488425641', '2', '0'), ('1798', '344', '1', '1488425605', '0', '0', '0'), ('1799', '344', '2', '1488425605', '0', '0', '0'), ('1800', '344', '4', '1488425605', '0', '0', '1'), ('1801', '344', '5', '1488425605', '0', '0', '0'), ('1802', '344', '6', '1488425605', '0', '0', '0'), ('1803', '344', '7', '1488425605', '0', '0', '1'), ('1804', '345', '8', '1488425579', '1488425605', '2', '0'), ('1805', '345', '1', '1488425605', '1488425606', '2', '0'), ('1806', '345', '2', '1488425606', '1488425609', '2', '0'), ('1807', '345', '4', '1488425609', '1488425613', '2', '0'), ('1808', '345', '5', '1488425613', '1488425613', '2', '0'), ('1809', '345', '6', '1488425613', '1488425633', '2', '0'), ('1810', '345', '7', '1488425555', '0', '0', '1'), ('1811', '346', '8', '1488426123', '1488426142', '2', '0'), ('1812', '346', '1', '1488426142', '1488426143', '2', '0'), ('1813', '346', '2', '1488426143', '1488426147', '2', '0'), ('1814', '346', '4', '1488426194', '1488426194', '1', '0'), ('1815', '346', '5', '1488426116', '0', '0', '0'), ('1816', '346', '6', '1488426116', '0', '0', '1'), ('1817', '346', '7', '1488426116', '0', '0', '1'), ('1818', '347', '8', '1488426067', '1488426112', '2', '0'), ('1819', '347', '1', '1488426112', '1488426113', '2', '0'), ('1820', '347', '2', '1488426113', '1488426140', '2', '0'), ('1821', '347', '4', '1488426140', '1488426146', '2', '0'), ('1822', '347', '5', '1488426146', '1488426152', '2', '0'), ('1823', '347', '6', '1488426152', '1488426179', '2', '0'), ('1824', '347', '7', '1488426055', '0', '0', '1'), ('1825', '348', '8', '1488426297', '1488426326', '2', '0'), ('1826', '348', '1', '1488426326', '1488426327', '2', '0'), ('1827', '348', '2', '1488426343', '1488426351', '2', '0'), ('1828', '348', '4', '1488426351', '1488426354', '2', '0'), ('1829', '348', '5', '1488426286', '0', '0', '1'), ('1830', '348', '6', '1488426286', '0', '0', '0'), ('1831', '348', '7', '1488426286', '0', '0', '1'), ('1832', '349', '8', '1488426412', '1488426429', '2', '0'), ('1833', '349', '1', '1488426429', '1488426430', '2', '0'), ('1834', '349', '2', '1488426441', '1488426445', '2', '0'), ('1835', '349', '4', '1488426445', '1488426445', '2', '0'), ('1836', '349', '5', '1488426461', '1488426462', '2', '0'), ('1837', '349', '6', '1488426462', '1488426472', '2', '0'), ('1838', '349', '7', '1488426403', '0', '0', '1'), ('1839', '350', '8', '1488426714', '0', '0', '0'), ('1840', '350', '1', '1488426714', '0', '0', '0'), ('1841', '350', '2', '1488426714', '0', '0', '0'), ('1842', '350', '4', '1488426714', '0', '0', '0'), ('1843', '350', '5', '1488426714', '0', '0', '0'), ('1844', '350', '6', '1488426714', '0', '0', '0'), ('1845', '350', '7', '1488426714', '0', '0', '1'), ('1846', '351', '8', '1488426631', '0', '0', '0'), ('1847', '351', '1', '1488426631', '0', '0', '0'), ('1848', '351', '2', '1488426631', '0', '0', '0'), ('1849', '351', '4', '1488426631', '0', '0', '0'), ('1850', '351', '5', '1488426631', '0', '0', '0'), ('1851', '351', '6', '1488426631', '0', '0', '0'), ('1852', '351', '7', '1488426631', '0', '0', '1'), ('1853', '352', '8', '1488426833', '0', '0', '0'), ('1854', '352', '1', '1488426833', '0', '0', '0'), ('1855', '352', '2', '1488426833', '0', '0', '0'), ('1856', '352', '4', '1488426833', '0', '0', '0'), ('1857', '352', '5', '1488426833', '0', '0', '0'), ('1858', '352', '6', '1488426833', '0', '0', '0'), ('1859', '352', '7', '1488426833', '0', '0', '1'), ('1860', '353', '8', '1488426777', '0', '0', '0'), ('1861', '353', '1', '1488426777', '0', '0', '0'), ('1862', '353', '2', '1488426777', '0', '0', '0'), ('1863', '353', '4', '1488426777', '0', '0', '0'), ('1864', '353', '5', '1488426777', '0', '0', '0'), ('1865', '353', '6', '1488426777', '0', '0', '0'), ('1866', '353', '7', '1488426777', '0', '0', '1'), ('1867', '354', '8', '1488426948', '0', '0', '0'), ('1868', '354', '1', '1488426948', '0', '0', '0'), ('1869', '354', '2', '1488426948', '0', '0', '0'), ('1870', '354', '4', '1488426948', '0', '0', '0'), ('1871', '354', '5', '1488426948', '0', '0', '0'), ('1872', '354', '6', '1488426948', '0', '0', '0'), ('1873', '354', '7', '1488426948', '0', '0', '1'), ('1874', '355', '8', '1488427079', '0', '0', '0'), ('1875', '355', '1', '1488427079', '0', '0', '0'), ('1876', '355', '2', '1488427079', '0', '0', '0'), ('1877', '355', '4', '1488427079', '0', '0', '1'), ('1878', '355', '5', '1488427079', '0', '0', '0'), ('1879', '355', '6', '1488427079', '0', '0', '0'), ('1880', '355', '7', '1488427079', '0', '0', '1'), ('1881', '356', '8', '1488426996', '0', '0', '0'), ('1882', '356', '1', '1488426996', '0', '0', '0'), ('1883', '356', '2', '1488426996', '0', '0', '0'), ('1884', '356', '4', '1488426996', '0', '0', '0'), ('1885', '356', '5', '1488426996', '0', '0', '0'), ('1886', '356', '6', '1488426996', '0', '0', '0'), ('1887', '356', '7', '1488426996', '0', '0', '1'), ('1888', '357', '8', '1488427235', '0', '0', '0'), ('1889', '357', '1', '1488427235', '0', '0', '0'), ('1890', '357', '2', '1488427235', '0', '0', '0'), ('1891', '357', '4', '1488427235', '0', '0', '0'), ('1892', '357', '5', '1488427235', '0', '0', '0'), ('1893', '357', '6', '1488427235', '0', '0', '0'), ('1894', '357', '7', '1488427235', '0', '0', '1'), ('1895', '358', '8', '1488427477', '0', '0', '0'), ('1896', '358', '1', '1488427477', '0', '0', '0'), ('1897', '358', '2', '1488427477', '0', '0', '0'), ('1898', '358', '4', '1488427477', '0', '0', '0'), ('1899', '358', '5', '1488427477', '0', '0', '0'), ('1900', '358', '6', '1488427477', '0', '0', '0'), ('1901', '358', '7', '1488427477', '0', '0', '1'), ('1902', '359', '8', '1488427736', '1488427754', '2', '0'), ('1903', '359', '1', '1488427754', '1488427755', '2', '0'), ('1904', '359', '2', '1488427722', '0', '0', '1'), ('1905', '359', '4', '1488427722', '0', '0', '0'), ('1906', '359', '5', '1488427722', '0', '0', '0'), ('1907', '359', '6', '1488427722', '0', '0', '0'), ('1908', '359', '7', '1488427722', '0', '0', '1'), ('1909', '360', '8', '1488427717', '1488427730', '2', '0'), ('1910', '360', '1', '1488427730', '1488427730', '2', '0'), ('1911', '360', '2', '1488427730', '1488427734', '2', '0'), ('1912', '360', '4', '1488427734', '1488427738', '2', '0'), ('1913', '360', '5', '1488427738', '1488427738', '2', '0'), ('1914', '360', '6', '1488427738', '1488427748', '2', '0'), ('1915', '360', '7', '1488427588', '0', '0', '1'), ('1916', '361', '8', '1488427962', '1488427975', '2', '0'), ('1917', '361', '1', '1488428098', '1488428099', '2', '0'), ('1918', '361', '2', '1488427976', '1488427980', '2', '1'), ('1919', '361', '4', '1488427980', '1488427983', '2', '0'), ('1920', '361', '5', '1488427983', '1488427983', '2', '0'), ('1921', '361', '6', '1488427983', '1488427994', '2', '0'), ('1922', '361', '7', '1488427959', '0', '0', '1'), ('1923', '362', '8', '1488428143', '0', '0', '0'), ('1924', '362', '1', '1488428143', '0', '0', '0'), ('1925', '362', '2', '1488428143', '0', '0', '1'), ('1926', '362', '4', '1488428143', '0', '0', '0'), ('1927', '362', '5', '1488428143', '0', '0', '0'), ('1928', '362', '6', '1488428143', '0', '0', '0'), ('1929', '362', '7', '1488428143', '0', '0', '1'), ('1930', '363', '8', '1488428323', '1488428336', '2', '0'), ('1931', '363', '1', '1488428365', '1488428366', '2', '0'), ('1932', '363', '2', '1488428527', '1488428531', '2', '0'), ('1933', '363', '4', '1488428319', '0', '0', '1'), ('1934', '363', '5', '1488428319', '0', '0', '0'), ('1935', '363', '6', '1488428319', '0', '0', '0'), ('1936', '363', '7', '1488428319', '0', '0', '1'), ('1937', '364', '8', '1488428563', '1488428577', '2', '0'), ('1938', '364', '1', '1488428586', '1488428587', '2', '0'), ('1939', '364', '2', '1488428556', '0', '0', '1'), ('1940', '364', '4', '1488428556', '0', '0', '0'), ('1941', '364', '5', '1488428556', '0', '0', '0'), ('1942', '364', '6', '1488428556', '0', '0', '0'), ('1943', '364', '7', '1488428556', '0', '0', '1'), ('1944', '365', '8', '1488428763', '1488428776', '2', '0'), ('1945', '365', '1', '1488428660', '0', '0', '1'), ('1946', '365', '2', '1488428660', '0', '0', '0'), ('1947', '365', '4', '1488428660', '0', '0', '0'), ('1948', '365', '5', '1488428660', '0', '0', '0'), ('1949', '365', '6', '1488428660', '0', '0', '0'), ('1950', '365', '7', '1488428660', '0', '0', '1'), ('1951', '366', '8', '1488429087', '1488429095', '2', '0'), ('1952', '366', '1', '1488428869', '0', '0', '1'), ('1953', '366', '2', '1488428869', '0', '0', '0'), ('1954', '366', '4', '1488428869', '0', '0', '0'), ('1955', '366', '5', '1488428869', '0', '0', '0'), ('1956', '366', '6', '1488428869', '0', '0', '0'), ('1957', '366', '7', '1488428869', '0', '0', '1'), ('1958', '367', '8', '1488434946', '0', '0', '0'), ('1959', '367', '1', '1488434946', '0', '0', '1'), ('1960', '367', '2', '1488434946', '0', '0', '0'), ('1961', '367', '4', '1488434946', '0', '0', '0'), ('1962', '367', '5', '1488434946', '0', '0', '0'), ('1963', '367', '6', '1488434946', '0', '0', '0'), ('1964', '367', '7', '1488434946', '0', '0', '1'), ('1965', '368', '8', '1488435236', '0', '0', '0'), ('1966', '368', '1', '1488435236', '0', '0', '0'), ('1967', '368', '2', '1488435236', '0', '0', '0'), ('1968', '368', '4', '1488435236', '0', '0', '0'), ('1969', '368', '5', '1488435236', '0', '0', '0'), ('1970', '368', '6', '1488435236', '0', '0', '0'), ('1971', '368', '7', '1488435236', '0', '0', '1'), ('1972', '369', '8', '1488435241', '0', '0', '0'), ('1973', '369', '1', '1488435241', '0', '0', '0'), ('1974', '369', '2', '1488435241', '0', '0', '0'), ('1975', '369', '4', '1488435241', '0', '0', '0'), ('1976', '369', '5', '1488435241', '0', '0', '0'), ('1977', '369', '6', '1488435241', '0', '0', '0'), ('1978', '369', '7', '1488435241', '0', '0', '1'), ('1979', '370', '8', '1488435287', '1488435300', '2', '0'), ('1980', '370', '1', '1488435266', '0', '0', '1'), ('1981', '370', '2', '1488435266', '0', '0', '0'), ('1982', '370', '4', '1488435266', '0', '0', '0'), ('1983', '370', '5', '1488435266', '0', '0', '0'), ('1984', '370', '6', '1488435266', '0', '0', '0'), ('1985', '370', '7', '1488435266', '0', '0', '1'), ('1986', '371', '8', '1488435464', '0', '0', '0'), ('1987', '371', '1', '1488435464', '0', '0', '0'), ('1988', '371', '2', '1488435464', '0', '0', '0'), ('1989', '371', '4', '1488435464', '0', '0', '0'), ('1990', '371', '5', '1488435464', '0', '0', '0'), ('1991', '371', '6', '1488435464', '0', '0', '0'), ('1992', '371', '7', '1488435464', '0', '0', '1'), ('1993', '372', '8', '1488435541', '0', '0', '0'), ('1994', '372', '1', '1488435541', '0', '0', '0'), ('1995', '372', '2', '1488435541', '0', '0', '0'), ('1996', '372', '4', '1488435541', '0', '0', '0'), ('1997', '372', '5', '1488435541', '0', '0', '0'), ('1998', '372', '6', '1488435541', '0', '0', '0'), ('1999', '372', '7', '1488435541', '0', '0', '1'), ('2000', '373', '8', '1488435621', '0', '0', '0'), ('2001', '373', '1', '1488435621', '0', '0', '0'), ('2002', '373', '2', '1488435621', '0', '0', '0'), ('2003', '373', '4', '1488435621', '0', '0', '0'), ('2004', '373', '5', '1488435621', '0', '0', '0'), ('2005', '373', '6', '1488435621', '0', '0', '0'), ('2006', '373', '7', '1488435621', '0', '0', '1'), ('2007', '374', '8', '1488435882', '0', '0', '0'), ('2008', '374', '1', '1488435882', '0', '0', '1'), ('2009', '374', '2', '1488435882', '0', '0', '0'), ('2010', '374', '4', '1488435882', '0', '0', '0'), ('2011', '374', '5', '1488435882', '0', '0', '0'), ('2012', '374', '6', '1488435882', '0', '0', '0'), ('2013', '374', '7', '1488435882', '0', '0', '1'), ('2014', '375', '8', '1488436138', '0', '0', '0'), ('2015', '375', '1', '1488436138', '0', '0', '0'), ('2016', '375', '2', '1488436138', '0', '0', '0'), ('2017', '375', '4', '1488436138', '0', '0', '0'), ('2018', '375', '5', '1488436138', '0', '0', '0'), ('2019', '375', '6', '1488436138', '0', '0', '0'), ('2020', '375', '7', '1488436138', '0', '0', '1'), ('2021', '376', '8', '1488436158', '0', '0', '0'), ('2022', '376', '1', '1488436158', '0', '0', '0'), ('2023', '376', '2', '1488436158', '0', '0', '0'), ('2024', '376', '4', '1488436158', '0', '0', '0'), ('2025', '376', '5', '1488436158', '0', '0', '0'), ('2026', '376', '6', '1488436158', '0', '0', '0'), ('2027', '376', '7', '1488436158', '0', '0', '1'), ('2028', '377', '8', '1488436247', '1488436260', '2', '0'), ('2029', '377', '1', '1488436035', '0', '0', '0'), ('2030', '377', '2', '1488436035', '0', '0', '0'), ('2031', '377', '4', '1488436035', '0', '0', '0'), ('2032', '377', '5', '1488436035', '0', '0', '0'), ('2033', '377', '6', '1488436035', '0', '0', '0'), ('2034', '377', '7', '1488436035', '0', '0', '1'), ('2035', '378', '8', '1488436291', '0', '0', '0'), ('2036', '378', '1', '1488436291', '0', '0', '0'), ('2037', '378', '2', '1488436291', '0', '0', '0'), ('2038', '378', '4', '1488436291', '0', '0', '0'), ('2039', '378', '5', '1488436291', '0', '0', '0'), ('2040', '378', '6', '1488436291', '0', '0', '0'), ('2041', '378', '7', '1488436291', '0', '0', '1'), ('2042', '379', '8', '1488436684', '1488436797', '2', '0'), ('2043', '379', '1', '1488436625', '0', '0', '1'), ('2044', '379', '2', '1488436625', '0', '0', '0'), ('2045', '379', '4', '1488436625', '0', '0', '0'), ('2046', '379', '5', '1488436625', '0', '0', '0'), ('2047', '379', '6', '1488436625', '0', '0', '0'), ('2048', '379', '7', '1488436625', '0', '0', '1'), ('2049', '380', '8', '1488436877', '0', '0', '0'), ('2050', '380', '1', '1488436877', '0', '0', '0'), ('2051', '380', '2', '1488436877', '0', '0', '0'), ('2052', '380', '4', '1488436877', '0', '0', '0'), ('2053', '380', '5', '1488436877', '0', '0', '0'), ('2054', '380', '6', '1488436877', '0', '0', '0'), ('2055', '380', '7', '1488436877', '0', '0', '1'), ('2056', '381', '8', '1488437036', '0', '0', '0'), ('2057', '381', '1', '1488437036', '0', '0', '0'), ('2058', '381', '2', '1488437036', '0', '0', '0'), ('2059', '381', '4', '1488437036', '0', '0', '0'), ('2060', '381', '5', '1488437036', '0', '0', '0'), ('2061', '381', '6', '1488437036', '0', '0', '0'), ('2062', '381', '7', '1488437036', '0', '0', '1'), ('2063', '382', '8', '1488437218', '1488437226', '2', '0'), ('2064', '382', '1', '1488437268', '1488437269', '2', '0'), ('2065', '382', '2', '1488437288', '1488437292', '2', '0'), ('2066', '382', '4', '1488437292', '1488437295', '2', '0'), ('2067', '382', '5', '1488437295', '1488437295', '2', '0'), ('2068', '382', '6', '1488437126', '0', '0', '1'), ('2069', '382', '7', '1488437126', '0', '0', '1'), ('2070', '383', '8', '1488437367', '1488437380', '2', '0'), ('2071', '383', '1', '1488437380', '1488437381', '2', '0'), ('2072', '383', '2', '1488437381', '1488437383', '2', '0'), ('2073', '383', '4', '1488437383', '1488437383', '2', '0'), ('2074', '383', '5', '1488437383', '1488437383', '2', '0'), ('2075', '383', '6', '1488437383', '1488437394', '2', '0'), ('2076', '383', '7', '1488437357', '0', '0', '1'), ('2077', '384', '8', '1488438138', '1488438151', '2', '0'), ('2078', '384', '1', '1488438151', '1488438152', '2', '0'), ('2079', '384', '2', '1488438152', '1488438156', '2', '0'), ('2080', '384', '4', '1488438126', '0', '0', '1'), ('2081', '384', '5', '1488438126', '0', '0', '0'), ('2082', '384', '6', '1488438126', '0', '0', '0'), ('2083', '384', '7', '1488438126', '0', '0', '1'), ('2084', '385', '8', '1488438523', '0', '0', '0'), ('2085', '385', '1', '1488438523', '0', '0', '0'), ('2086', '385', '2', '1488438523', '0', '0', '0'), ('2087', '385', '4', '1488438523', '0', '0', '0'), ('2088', '385', '5', '1488438523', '0', '0', '0'), ('2089', '385', '6', '1488438523', '0', '0', '0'), ('2090', '385', '7', '1488438523', '0', '0', '1'), ('2091', '386', '8', '1488442617', '0', '1', '0'), ('2092', '386', '1', '1488441987', '0', '0', '0'), ('2093', '386', '2', '1488441987', '0', '0', '0'), ('2094', '386', '4', '1488441987', '0', '0', '0'), ('2095', '386', '5', '1488441987', '0', '0', '0'), ('2096', '386', '6', '1488441987', '0', '0', '0'), ('2097', '386', '7', '1488441987', '0', '0', '1'), ('2098', '387', '8', '1488442257', '0', '0', '0'), ('2099', '387', '1', '1488442257', '0', '0', '0'), ('2100', '387', '2', '1488442257', '0', '0', '0'), ('2101', '387', '4', '1488442257', '0', '0', '0'), ('2102', '387', '5', '1488442257', '0', '0', '0'), ('2103', '387', '6', '1488442257', '0', '0', '0'), ('2104', '387', '7', '1488442257', '0', '0', '1'), ('2105', '388', '8', '1488442886', '0', '1', '0'), ('2106', '388', '1', '1488442671', '0', '0', '1'), ('2107', '388', '2', '1488442671', '0', '0', '0'), ('2108', '388', '4', '1488442671', '0', '0', '0'), ('2109', '388', '5', '1488442671', '0', '0', '0'), ('2110', '388', '6', '1488442671', '0', '0', '0'), ('2111', '388', '7', '1488442671', '0', '0', '1'), ('2112', '389', '8', '1488443717', '1488443729', '2', '0'), ('2113', '389', '1', '1488443730', '1488443730', '2', '0'), ('2114', '389', '2', '1488443730', '1488443735', '2', '0'), ('2115', '389', '4', '1488443735', '1488443738', '2', '0'), ('2116', '389', '5', '1488443738', '1488443738', '2', '0'), ('2117', '389', '6', '1488443738', '1488443749', '2', '0'), ('2118', '389', '7', '1488443473', '0', '0', '1'), ('2119', '390', '8', '1488447813', '0', '0', '0'), ('2120', '390', '1', '1488447813', '0', '0', '0'), ('2121', '390', '2', '1488447813', '0', '0', '0'), ('2122', '390', '4', '1488447813', '0', '0', '0'), ('2123', '390', '5', '1488447813', '0', '0', '0'), ('2124', '390', '6', '1488447813', '0', '0', '0'), ('2125', '390', '7', '1488447813', '0', '0', '1'), ('2126', '391', '8', '1488448058', '0', '0', '0'), ('2127', '391', '1', '1488448058', '0', '0', '0'), ('2128', '391', '2', '1488448058', '0', '0', '0'), ('2129', '391', '4', '1488448058', '0', '0', '0'), ('2130', '391', '5', '1488448058', '0', '0', '0'), ('2131', '391', '6', '1488448058', '0', '0', '0'), ('2132', '391', '7', '1488448058', '0', '0', '1'), ('2133', '392', '8', '1488448583', '1488448601', '2', '0'), ('2134', '392', '1', '1488448601', '1488448602', '2', '0'), ('2135', '392', '2', '1488448602', '1488448606', '2', '0'), ('2136', '392', '4', '1488448606', '1488448609', '2', '0'), ('2137', '392', '5', '1488448609', '1488448610', '2', '0'), ('2138', '392', '6', '1488448610', '1488448620', '2', '0'), ('2139', '392', '7', '1488448478', '0', '0', '1'), ('2140', '393', '8', '1488449264', '1488449276', '2', '0'), ('2141', '393', '1', '1488449203', '1488449204', '2', '1'), ('2142', '393', '2', '1488449204', '1488449208', '2', '0'), ('2143', '393', '4', '1488449208', '1488449212', '2', '0'), ('2144', '393', '5', '1488449212', '1488449212', '2', '0'), ('2145', '393', '6', '1488449212', '1488449223', '2', '0'), ('2146', '393', '7', '1488449076', '0', '0', '1'), ('2147', '394', '8', '1488450889', '1488450928', '2', '0'), ('2148', '394', '1', '1488450928', '1488450929', '2', '0'), ('2149', '394', '2', '1488450929', '1488450935', '2', '0'), ('2150', '394', '4', '1488450935', '1488450939', '2', '0'), ('2151', '394', '5', '1488450939', '1488450939', '2', '0'), ('2152', '394', '6', '1488450939', '1488450994', '2', '0'), ('2153', '394', '7', '1488450882', '0', '0', '1'), ('2154', '395', '8', '1488451062', '1488451075', '2', '0'), ('2155', '395', '1', '1488451075', '1488451076', '2', '0'), ('2156', '395', '2', '1488451076', '1488451080', '2', '0'), ('2157', '395', '4', '1488451080', '1488451083', '2', '0'), ('2158', '395', '5', '1488451083', '1488451084', '2', '0'), ('2159', '395', '6', '1488451084', '1488451095', '2', '0'), ('2160', '395', '7', '1488451057', '0', '0', '1'), ('2161', '396', '8', '1488451490', '1488451520', '2', '0'), ('2162', '396', '1', '1488451520', '1488451521', '2', '0'), ('2163', '396', '2', '1488451521', '1488451525', '2', '0'), ('2164', '396', '4', '1488451525', '1488451529', '2', '0'), ('2165', '396', '5', '1488451529', '1488451530', '2', '0'), ('2166', '396', '6', '1488451530', '1488451541', '2', '0'), ('2167', '396', '7', '1488451487', '0', '0', '1'), ('2168', '397', '8', '1488451686', '1488451698', '2', '0'), ('2169', '397', '1', '1488451698', '1488451699', '2', '0'), ('2170', '397', '2', '1488451699', '1488451703', '2', '0'), ('2171', '397', '4', '1488451703', '1488451706', '2', '0'), ('2172', '397', '5', '1488451706', '1488451707', '2', '0'), ('2173', '397', '6', '1488451707', '1488451717', '2', '0'), ('2174', '397', '7', '1488451682', '0', '0', '1'), ('2175', '398', '8', '1488452055', '1488452068', '2', '0'), ('2176', '398', '1', '1488452068', '1488452069', '2', '0'), ('2177', '398', '2', '1488452069', '1488452072', '2', '0'), ('2178', '398', '4', '1488452072', '1488452076', '2', '0'), ('2179', '398', '5', '1488452076', '1488452076', '2', '0'), ('2180', '398', '6', '1488452076', '1488452086', '2', '0'), ('2181', '398', '7', '1488452051', '0', '0', '1'), ('2182', '399', '8', '1488452481', '1488452488', '2', '0'), ('2183', '399', '1', '1488452386', '1488452386', '2', '1'), ('2184', '399', '2', '1488452386', '1488452390', '2', '0'), ('2185', '399', '4', '1488452390', '1488452394', '2', '0'), ('2186', '399', '5', '1488452394', '1488452394', '2', '0'), ('2187', '399', '6', '1488452394', '1488452404', '2', '0'), ('2188', '399', '7', '1488452371', '0', '0', '1'), ('2189', '400', '8', '1488452624', '1488452637', '2', '0'), ('2190', '400', '1', '1488452637', '1488452638', '2', '0'), ('2191', '400', '2', '1488452638', '1488452641', '2', '0'), ('2192', '400', '4', '1488452641', '1488452645', '2', '0'), ('2193', '400', '5', '1488452645', '1488452645', '2', '0'), ('2194', '400', '6', '1488452645', '1488452655', '2', '0'), ('2195', '400', '7', '1488452623', '0', '0', '1'), ('2196', '401', '8', '1488452941', '1488452953', '2', '0'), ('2197', '401', '1', '1488452953', '1488452954', '2', '0'), ('2198', '401', '2', '1488452954', '1488452958', '2', '0'), ('2199', '401', '4', '1488452958', '1488452961', '2', '0'), ('2200', '401', '5', '1488452961', '1488452962', '2', '0'), ('2201', '401', '6', '1488452962', '1488452972', '2', '0'), ('2202', '401', '7', '1488452848', '0', '0', '1'), ('2203', '402', '8', '1488452993', '1488453004', '2', '0'), ('2204', '402', '1', '1488453004', '1488453005', '2', '0'), ('2205', '402', '2', '1488453005', '1488453009', '2', '1'), ('2206', '402', '4', '1488453009', '1488453012', '2', '0'), ('2207', '402', '5', '1488453012', '1488453012', '2', '0'), ('2208', '402', '6', '1488453012', '1488453023', '2', '0'), ('2209', '402', '7', '1488452856', '0', '0', '1'), ('2210', '403', '8', '1488453073', '0', '0', '0'), ('2211', '403', '1', '1488453073', '0', '0', '0'), ('2212', '403', '2', '1488453073', '0', '0', '0'), ('2213', '403', '4', '1488453073', '0', '0', '0'), ('2214', '403', '5', '1488453073', '0', '0', '0'), ('2215', '403', '6', '1488453073', '0', '0', '0'), ('2216', '403', '7', '1488453073', '0', '0', '1'), ('2217', '404', '8', '1488453233', '0', '-1', '0'), ('2218', '404', '1', '1488453229', '0', '0', '0'), ('2219', '404', '2', '1488453229', '0', '0', '0'), ('2220', '404', '4', '1488453229', '0', '0', '0'), ('2221', '404', '5', '1488453229', '0', '0', '0'), ('2222', '404', '6', '1488453229', '0', '0', '0'), ('2223', '404', '7', '1488453229', '0', '0', '1'), ('2224', '405', '8', '1488453089', '1488453102', '2', '0'), ('2225', '405', '1', '1488453102', '1488453103', '2', '0'), ('2226', '405', '2', '1488453103', '1488453107', '2', '0'), ('2227', '405', '4', '1488453107', '1488453110', '2', '0'), ('2228', '405', '5', '1488453110', '1488453110', '2', '0'), ('2229', '405', '6', '1488453087', '0', '0', '1'), ('2230', '405', '7', '1488453087', '0', '0', '1'), ('2231', '406', '8', '1488453334', '0', '0', '0'), ('2232', '406', '1', '1488453334', '0', '0', '0'), ('2233', '406', '2', '1488453334', '0', '0', '0'), ('2234', '406', '4', '1488453334', '0', '0', '0'), ('2235', '406', '5', '1488453334', '0', '0', '0'), ('2236', '406', '6', '1488453334', '0', '0', '0'), ('2237', '406', '7', '1488453334', '0', '0', '1'), ('2238', '407', '8', '1488453339', '0', '0', '0'), ('2239', '407', '1', '1488453339', '0', '0', '0'), ('2240', '407', '2', '1488453339', '0', '0', '0'), ('2241', '407', '4', '1488453339', '0', '0', '0'), ('2242', '407', '5', '1488453339', '0', '0', '0'), ('2243', '407', '6', '1488453339', '0', '0', '0'), ('2244', '407', '7', '1488453339', '0', '0', '1'), ('2245', '408', '8', '1488453354', '0', '0', '0'), ('2246', '408', '1', '1488453354', '0', '0', '0'), ('2247', '408', '2', '1488453354', '0', '0', '0'), ('2248', '408', '4', '1488453354', '0', '0', '0'), ('2249', '408', '5', '1488453354', '0', '0', '0'), ('2250', '408', '6', '1488453354', '0', '0', '0'), ('2251', '408', '7', '1488453354', '0', '0', '1'), ('2252', '409', '8', '1488453371', '0', '0', '0'), ('2253', '409', '1', '1488453371', '0', '0', '0'), ('2254', '409', '2', '1488453371', '0', '0', '0'), ('2255', '409', '4', '1488453371', '0', '0', '0'), ('2256', '409', '5', '1488453371', '0', '0', '0'), ('2257', '409', '6', '1488453371', '0', '0', '0'), ('2258', '409', '7', '1488453371', '0', '0', '1'), ('2259', '410', '8', '1488453619', '1488453636', '2', '0'), ('2260', '410', '1', '1488453636', '1488453637', '2', '0'), ('2261', '410', '2', '1488453637', '1488453639', '2', '0'), ('2262', '410', '4', '1488453640', '1488453640', '2', '0'), ('2263', '410', '5', '1488453640', '1488453640', '2', '0'), ('2264', '410', '6', '1488453640', '1488453651', '2', '0'), ('2265', '410', '7', '1488453616', '0', '0', '1'), ('2266', '411', '8', '1488453829', '1488453847', '2', '0'), ('2267', '411', '1', '1488453847', '1488453847', '2', '0'), ('2268', '411', '2', '1488453847', '1488453851', '2', '0'), ('2269', '411', '4', '1488453851', '1488453855', '2', '0'), ('2270', '411', '5', '1488453855', '1488453855', '2', '0'), ('2271', '411', '6', '1488453855', '0', '1', '0'), ('2272', '411', '7', '1488453828', '0', '0', '1'), ('2273', '412', '8', '1488453881', '1488453902', '2', '0'), ('2274', '412', '1', '1488453902', '1488453903', '2', '0'), ('2275', '412', '2', '1488453903', '1488453906', '2', '0'), ('2276', '412', '4', '1488453906', '1488453910', '2', '0'), ('2277', '412', '5', '1488453910', '1488453910', '2', '0'), ('2278', '412', '6', '1488453910', '0', '1', '0'), ('2279', '412', '7', '1488453879', '0', '0', '1'), ('2280', '413', '8', '1488453930', '1488453957', '2', '0'), ('2281', '413', '1', '1488453957', '1488453958', '2', '0'), ('2282', '413', '2', '1488453958', '1488453962', '2', '0'), ('2283', '413', '4', '1488453962', '1488453966', '2', '0'), ('2284', '413', '5', '1488453966', '1488453966', '2', '0'), ('2285', '413', '6', '1488453966', '1488453976', '2', '0'), ('2286', '413', '7', '1488453928', '0', '0', '1'), ('2287', '414', '8', '1488454076', '1488454093', '2', '0'), ('2288', '414', '1', '1488454093', '1488454094', '2', '0'), ('2289', '414', '2', '1488454094', '1488454098', '2', '0'), ('2290', '414', '4', '1488454098', '1488454102', '2', '0'), ('2291', '414', '5', '1488454102', '1488454102', '2', '0'), ('2292', '414', '6', '1488454102', '1488454112', '2', '0'), ('2293', '414', '7', '1488454072', '0', '0', '1'), ('2294', '415', '8', '1488454180', '1488454198', '2', '0'), ('2295', '415', '1', '1488454198', '1488454199', '2', '0'), ('2296', '415', '2', '1488454199', '1488454203', '2', '0'), ('2297', '415', '4', '1488454203', '1488454206', '2', '0'), ('2298', '415', '5', '1488454206', '1488454206', '2', '0'), ('2299', '415', '6', '1488454206', '1488454217', '2', '0'), ('2300', '415', '7', '1488454179', '0', '0', '1'), ('2301', '416', '8', '1488454360', '1488454378', '2', '0'), ('2302', '416', '1', '1488454379', '1488454379', '2', '0'), ('2303', '416', '2', '1488454379', '1488454383', '2', '0'), ('2304', '416', '4', '1488454383', '1488454387', '2', '0'), ('2305', '416', '5', '1488454387', '1488454387', '2', '0'), ('2306', '416', '6', '1488454387', '1488454397', '2', '0'), ('2307', '416', '7', '1488454359', '0', '0', '1'), ('2308', '417', '8', '1488454543', '1488454564', '2', '0'), ('2309', '417', '1', '1488454564', '1488454565', '2', '0'), ('2310', '417', '2', '1488454565', '1488454568', '2', '0'), ('2311', '417', '4', '1488454568', '1488454572', '2', '0'), ('2312', '417', '5', '1488454572', '1488454572', '2', '0'), ('2313', '417', '6', '1488454572', '1488454582', '2', '0'), ('2314', '417', '7', '1488454541', '0', '0', '1'), ('2315', '418', '8', '1488455065', '1488455078', '2', '0'), ('2316', '418', '1', '1488455078', '1488455079', '2', '0'), ('2317', '418', '2', '1488455079', '1488455083', '2', '0'), ('2318', '418', '4', '1488455083', '1488455039', '1', '0'), ('2319', '418', '5', '1488455039', '1488455040', '2', '0'), ('2320', '418', '6', '1488455040', '1488454949', '1', '0'), ('2321', '418', '7', '1488454727', '0', '0', '1'), ('2322', '419', '8', '1488454921', '1488454935', '2', '0'), ('2323', '419', '1', '1488454935', '1488454935', '2', '0'), ('2324', '419', '2', '1488454935', '1488454939', '2', '0'), ('2325', '419', '4', '1488454939', '1488454939', '2', '0'), ('2326', '419', '5', '1488454939', '1488454940', '2', '0'), ('2327', '419', '6', '1488454940', '1488454950', '2', '0'), ('2328', '419', '7', '1488454920', '0', '0', '1'), ('2329', '420', '8', '1488455147', '1488455164', '2', '0'), ('2330', '420', '1', '1488455164', '1488455165', '2', '0'), ('2331', '420', '2', '1488455165', '1488455169', '2', '0'), ('2332', '420', '4', '1488455169', '0', '1', '0'), ('2333', '420', '5', '1488455145', '0', '0', '0'), ('2334', '420', '6', '1488455145', '0', '0', '0'), ('2335', '420', '7', '1488455145', '0', '0', '1'), ('2336', '421', '8', '1488455264', '1488455283', '2', '0'), ('2337', '421', '1', '1488455283', '1488455286', '2', '0'), ('2338', '421', '2', '1488455286', '1488455290', '2', '0'), ('2339', '421', '4', '1488455290', '1488455293', '2', '0'), ('2340', '421', '5', '1488455293', '1488455293', '2', '0'), ('2341', '421', '6', '1488455293', '1488455256', '1', '0'), ('2342', '421', '7', '1488455182', '0', '0', '1'), ('2343', '422', '8', '1488455156', '1488455170', '2', '0'), ('2344', '422', '1', '1488455170', '1488455170', '2', '0'), ('2345', '422', '2', '1488455170', '1488455174', '2', '0'), ('2346', '422', '4', '1488455174', '1488455177', '2', '0'), ('2347', '422', '5', '1488455177', '1488455178', '2', '0'), ('2348', '422', '6', '1488455178', '1488455208', '2', '0'), ('2349', '422', '7', '1488455155', '0', '0', '1'), ('2350', '423', '8', '1488455396', '1488455408', '2', '0'), ('2351', '423', '1', '1488455408', '1488455409', '2', '0'), ('2352', '423', '2', '1488455409', '1488455413', '2', '0'), ('2353', '423', '4', '1488455413', '1488455416', '2', '0'), ('2354', '423', '5', '1488455416', '1488455417', '2', '0'), ('2355', '423', '6', '1488455417', '1488455367', '1', '0'), ('2356', '423', '7', '1488455319', '0', '0', '1'), ('2357', '424', '8', '1488455254', '1488455267', '2', '0'), ('2358', '424', '1', '1488455283', '1488455283', '2', '0'), ('2359', '424', '2', '1488455283', '1488455287', '2', '1'), ('2360', '424', '4', '1488455252', '0', '0', '1'), ('2361', '424', '5', '1488455252', '0', '0', '0'), ('2362', '424', '6', '1488455252', '0', '0', '0'), ('2363', '424', '7', '1488455252', '0', '0', '1'), ('2364', '425', '8', '1488455435', '1488455453', '2', '0'), ('2365', '425', '1', '1488455453', '1488455457', '2', '0'), ('2366', '425', '2', '1488455457', '1488455461', '2', '0'), ('2367', '425', '4', '1488455461', '1488455465', '2', '0'), ('2368', '425', '5', '1488455465', '1488455465', '2', '0'), ('2369', '425', '6', '1488455465', '1488455475', '2', '0'), ('2370', '425', '7', '1488455433', '0', '0', '1'), ('2371', '426', '8', '1488455468', '1488455481', '2', '0'), ('2372', '426', '1', '1488455481', '1488455482', '2', '0'), ('2373', '426', '2', '1488455482', '1488455486', '2', '0'), ('2374', '426', '4', '1488455467', '0', '0', '1'), ('2375', '426', '5', '1488455467', '0', '0', '0'), ('2376', '426', '6', '1488455467', '0', '0', '0'), ('2377', '426', '7', '1488455467', '0', '0', '1'), ('2378', '427', '8', '1488456047', '1488456059', '2', '0'), ('2379', '427', '1', '1488456059', '1488456060', '2', '0'), ('2380', '427', '2', '1488456060', '1488456064', '2', '0'), ('2381', '427', '4', '1488456064', '1488456068', '2', '0'), ('2382', '427', '5', '1488456068', '1488456068', '2', '0'), ('2383', '427', '6', '1488456068', '1488456064', '1', '0'), ('2384', '427', '7', '1488455714', '0', '0', '1'), ('2385', '428', '8', '1488456079', '1488456096', '2', '0'), ('2386', '428', '1', '1488456096', '1488456096', '2', '0'), ('2387', '428', '2', '1488456096', '1488456100', '2', '0'), ('2388', '428', '4', '1488456100', '1488456104', '2', '0'), ('2389', '428', '5', '1488456104', '1488456104', '2', '0'), ('2390', '428', '6', '1488456104', '1488456115', '2', '0'), ('2391', '428', '7', '1488456067', '0', '0', '1'), ('2392', '429', '8', '1488456525', '1488456533', '2', '0'), ('2393', '429', '1', '1488456533', '1488456534', '2', '0'), ('2394', '429', '2', '1488456534', '1488456536', '2', '0'), ('2395', '429', '4', '1488456536', '1488456536', '2', '0'), ('2396', '429', '5', '1488456536', '1488456537', '2', '0'), ('2397', '429', '6', '1488456279', '0', '0', '1'), ('2398', '429', '7', '1488456279', '0', '0', '1'), ('2399', '430', '8', '1488456590', '1488456603', '2', '0'), ('2400', '430', '1', '1488456603', '1488456604', '2', '0'), ('2401', '430', '2', '1488456604', '1488456606', '2', '0'), ('2402', '430', '4', '1488456606', '1488456606', '2', '0'), ('2403', '430', '5', '1488456606', '1488456606', '2', '0'), ('2404', '430', '6', '1488456606', '1488456617', '2', '0'), ('2405', '430', '7', '1488456583', '0', '0', '1'), ('2406', '431', '8', '1488456827', '1488456840', '2', '0'), ('2407', '431', '1', '1488457175', '1488457176', '2', '0'), ('2408', '431', '2', '1488456799', '0', '0', '1'), ('2409', '431', '4', '1488456799', '0', '0', '0'), ('2410', '431', '5', '1488456799', '0', '0', '0'), ('2411', '431', '6', '1488456799', '0', '0', '0'), ('2412', '431', '7', '1488456799', '0', '0', '1'), ('2413', '432', '8', '1488457560', '1488457571', '2', '0'), ('2414', '432', '1', '1488457571', '1488457572', '2', '0'), ('2415', '432', '2', '1488457572', '1488457576', '2', '0'), ('2416', '432', '4', '1488457576', '1488457579', '2', '0'), ('2417', '432', '5', '1488457580', '1488457580', '2', '0'), ('2418', '432', '6', '1488457580', '1488457590', '2', '0'), ('2419', '432', '7', '1488457430', '0', '0', '1'), ('2420', '433', '8', '1488457498', '0', '0', '0'), ('2421', '433', '1', '1488457498', '0', '0', '0'), ('2422', '433', '2', '1488457498', '0', '0', '0'), ('2423', '433', '4', '1488457498', '0', '0', '0'), ('2424', '433', '5', '1488457498', '0', '0', '0'), ('2425', '433', '6', '1488457498', '0', '0', '0'), ('2426', '433', '7', '1488457498', '0', '0', '1'), ('2427', '434', '8', '1488457675', '1488457692', '2', '0'), ('2428', '434', '1', '1488457692', '1488457693', '2', '0'), ('2429', '434', '2', '1488457693', '1488457696', '2', '0'), ('2430', '434', '4', '1488457696', '1488457700', '2', '0'), ('2431', '434', '5', '1488457700', '1488457700', '2', '0'), ('2432', '434', '6', '1488457700', '1488457711', '2', '0'), ('2433', '434', '7', '1488457674', '0', '0', '1'), ('2434', '435', '8', '1488457599', '0', '0', '0'), ('2435', '435', '1', '1488457599', '0', '0', '0'), ('2436', '435', '2', '1488457599', '0', '0', '0'), ('2437', '435', '4', '1488457599', '0', '0', '0'), ('2438', '435', '5', '1488457599', '0', '0', '0'), ('2439', '435', '6', '1488457599', '0', '0', '0'), ('2440', '435', '7', '1488457599', '0', '0', '1'), ('2441', '436', '8', '1488457767', '1488457784', '2', '0'), ('2442', '436', '1', '1488457784', '1488457785', '2', '0'), ('2443', '436', '2', '1488457785', '1488457788', '2', '0'), ('2444', '436', '4', '1488457788', '1488457792', '2', '0'), ('2445', '436', '5', '1488457792', '1488457792', '2', '0'), ('2446', '436', '6', '1488457792', '1488457802', '2', '0'), ('2447', '436', '7', '1488457766', '0', '0', '1'), ('2448', '437', '8', '1488457663', '0', '0', '0'), ('2449', '437', '1', '1488457663', '0', '0', '0'), ('2450', '437', '2', '1488457663', '0', '0', '0'), ('2451', '437', '4', '1488457663', '0', '0', '0'), ('2452', '437', '5', '1488457663', '0', '0', '0'), ('2453', '437', '6', '1488457663', '0', '0', '0'), ('2454', '437', '7', '1488457663', '0', '0', '1'), ('2455', '438', '8', '1488458533', '1488458546', '2', '0'), ('2456', '438', '1', '1488458546', '1488458547', '2', '0'), ('2457', '438', '2', '1488458523', '0', '0', '1'), ('2458', '438', '4', '1488458523', '0', '0', '0'), ('2459', '438', '5', '1488458523', '0', '0', '0'), ('2460', '438', '6', '1488458523', '0', '0', '0'), ('2461', '438', '7', '1488458523', '0', '0', '1'), ('2462', '439', '8', '1488459525', '1488459563', '2', '0'), ('2463', '439', '1', '1488459563', '1488459564', '2', '0'), ('2464', '439', '2', '1488459564', '1488459571', '2', '0'), ('2465', '439', '4', '1488459571', '1488459574', '2', '0'), ('2466', '439', '5', '1488459574', '1488459574', '2', '0'), ('2467', '439', '6', '1488459574', '1488459631', '2', '0'), ('2468', '439', '7', '1488459505', '0', '0', '1'), ('2469', '440', '8', '1488461154', '1488461162', '2', '0'), ('2470', '440', '1', '1488461162', '1488461163', '2', '0'), ('2471', '440', '2', '1488461163', '1488461167', '2', '0'), ('2472', '440', '4', '1488461167', '1488461170', '2', '0'), ('2473', '440', '5', '1488461170', '1488461170', '2', '0'), ('2474', '440', '6', '1488461170', '1488461181', '2', '0'), ('2475', '440', '7', '1488461091', '0', '0', '1'), ('2476', '441', '8', '1488503345', '1488503359', '2', '0'), ('2477', '441', '1', '1488503359', '1488503360', '2', '0'), ('2478', '441', '2', '1488503360', '1488503363', '2', '0'), ('2479', '441', '4', '1488503363', '1488503367', '2', '0'), ('2480', '441', '5', '1488503367', '1488503367', '2', '0'), ('2481', '441', '6', '1488503367', '1488503377', '2', '0'), ('2482', '441', '7', '1488503318', '0', '0', '1'), ('2483', '442', '8', '1488505649', '0', '-1', '0'), ('2484', '442', '1', '1488505590', '0', '0', '0'), ('2485', '442', '2', '1488505590', '0', '0', '0'), ('2486', '442', '4', '1488505590', '0', '0', '0'), ('2487', '442', '5', '1488505590', '0', '0', '0'), ('2488', '442', '6', '1488505590', '0', '0', '0'), ('2489', '442', '7', '1488505590', '0', '0', '1'), ('2490', '443', '8', '1488772413', '0', '0', '0'), ('2491', '443', '1', '1488772413', '0', '0', '0'), ('2492', '443', '2', '1488772413', '0', '0', '0'), ('2493', '443', '4', '1488772413', '0', '0', '0'), ('2494', '443', '5', '1488772413', '0', '0', '0'), ('2495', '443', '6', '1488772413', '0', '0', '0'), ('2496', '443', '7', '1488772413', '0', '0', '1'), ('2497', '444', '8', '1488772422', '0', '0', '0'), ('2498', '444', '1', '1488772422', '0', '0', '0'), ('2499', '444', '2', '1488772422', '0', '0', '0'), ('2500', '444', '4', '1488772422', '0', '0', '0'), ('2501', '444', '5', '1488772422', '0', '0', '0'), ('2502', '444', '6', '1488772422', '0', '0', '0'), ('2503', '444', '7', '1488772422', '0', '0', '1'), ('2504', '445', '8', '1488775975', '0', '0', '0'), ('2505', '445', '1', '1488775975', '0', '0', '0'), ('2506', '445', '2', '1488775975', '0', '0', '0'), ('2507', '445', '4', '1488775975', '0', '0', '0'), ('2508', '445', '5', '1488775975', '0', '0', '0'), ('2509', '445', '6', '1488775975', '0', '0', '0'), ('2510', '445', '7', '1488775975', '0', '0', '1'), ('2511', '446', '8', '1488776016', '0', '0', '0'), ('2512', '446', '1', '1488776016', '0', '0', '0'), ('2513', '446', '2', '1488776016', '0', '0', '0'), ('2514', '446', '4', '1488776016', '0', '0', '0'), ('2515', '446', '5', '1488776016', '0', '0', '0'), ('2516', '446', '6', '1488776016', '0', '0', '0'), ('2517', '446', '7', '1488776016', '0', '0', '1'), ('2518', '447', '8', '1488779863', '1488780259', '2', '0'), ('2519', '447', '1', '1488780259', '1488780275', '2', '0'), ('2520', '447', '2', '1488780275', '1488780318', '2', '0'), ('2521', '447', '4', '1488781573', '1488781588', '2', '0'), ('2522', '447', '5', '1488781588', '1488781602', '2', '0'), ('2523', '447', '6', '1488781602', '1488781383', '1', '0'), ('2524', '447', '7', '1488776222', '0', '0', '1'), ('2525', '448', '8', '1488781756', '1488781775', '2', '0'), ('2526', '448', '1', '1488781775', '1488781776', '2', '0'), ('2527', '448', '2', '1488781776', '1488781777', '2', '0'), ('2528', '448', '4', '1488781777', '1488781778', '2', '0'), ('2529', '448', '5', '1488781778', '1488781778', '2', '0'), ('2530', '448', '6', '1488781778', '1488781789', '2', '0'), ('2531', '448', '7', '1488781747', '0', '0', '1'), ('2532', '449', '8', '1488781819', '1488781959', '2', '0'), ('2533', '449', '1', '1488781959', '1488781979', '2', '0'), ('2534', '449', '2', '1488781979', '1488781994', '2', '0'), ('2535', '449', '4', '1488781994', '1488782009', '2', '0'), ('2536', '449', '5', '1488782009', '1488782020', '2', '0'), ('2537', '449', '6', '1488783602', '1488783552', '-1', '0'), ('2538', '449', '7', '1488781817', '0', '0', '1'), ('2539', '450', '8', '1488783765', '0', '1', '0'), ('2540', '450', '1', '1488783758', '0', '0', '0'), ('2541', '450', '2', '1488783758', '0', '0', '0'), ('2542', '450', '4', '1488783758', '0', '0', '0'), ('2543', '450', '5', '1488783758', '0', '0', '0'), ('2544', '450', '6', '1488783758', '0', '0', '0'), ('2545', '450', '7', '1488783758', '0', '0', '1'), ('2546', '451', '8', '1488783948', '1488784310', '2', '0'), ('2547', '451', '1', '1488784310', '1488784325', '2', '0'), ('2548', '451', '2', '1488784325', '1488784350', '2', '0'), ('2549', '451', '4', '1488784350', '1488784365', '2', '0'), ('2550', '451', '5', '1488784774', '1488784785', '2', '0'), ('2551', '451', '6', '1488784785', '0', '-1', '0'), ('2552', '451', '7', '1488783944', '0', '0', '1');
COMMIT;

-- ----------------------------
--  Table structure for `task_task`
-- ----------------------------
DROP TABLE IF EXISTS `task_task`;
CREATE TABLE `task_task` (
  `id` int(10) unsigned NOT NULL AUTO_INCREMENT COMMENT '自增',
  `dir_name` varchar(50) NOT NULL COMMENT '生成的唯一的每次任务都会产生的目录名称',
  `state` tinyint(2) NOT NULL DEFAULT '0' COMMENT '当前任务状态（0：未开始；1：运行中；2：已结完成；-1：失败）',
  `create_time` int(10) NOT NULL COMMENT '任务创建时间',
  `flow_no` varchar(50) DEFAULT NULL COMMENT '流程的申请单号',
  PRIMARY KEY (`id`)
) ENGINE=InnoDB AUTO_INCREMENT=452 DEFAULT CHARSET=utf8 COMMENT='发布任务表';

-- ----------------------------
--  Records of `task_task`
-- ----------------------------
BEGIN;
INSERT INTO `task_task` VALUES ('1', '201701181008_1484729210', '0', '1484811397', ''), ('2', '1484815969201701191652', '0', '1484815969', null), ('3', '201701191655_1484816104', '0', '1484816104', null), ('4', '201701191656_1484816198', '0', '1484816198', null), ('5', '201701191657_1484816237', '0', '1484816237', null), ('6', '201701191759_1484819974', '0', '1484819974', null), ('7', '201701191800_1484820005', '0', '1484820005', null), ('8', '201701191800_1484820045', '0', '1484820045', null), ('9', '201701191801_1484820092', '0', '1484820092', null), ('10', '201701191852_1484823172', '0', '1484823172', null), ('11', '201701191853_1484823233', '0', '1484823233', null), ('12', '201701191930_1484825400', '0', '1484825400', null), ('13', '201701191931_1484825478', '0', '1484825478', null), ('14', '201701191941_1484826117', '0', '1484826117', null), ('15', '201701192002_1484827320', '0', '1484827320', null), ('16', '201701192002_1484827338', '0', '1484827338', null), ('17', '201701192003_1484827392', '0', '1484827392', null), ('18', '201701192028_1484828887', '0', '1484828887', null), ('19', '201701192038_1484829522', '0', '1484829522', null), ('20', '201701192038_1484829534', '0', '1484829534', null), ('21', '201701192039_1484829565', '0', '1484829565', null), ('22', '201701192041_1484829702', '0', '1484829702', null), ('23', '201701192044_1484829866', '0', '1484829866', null), ('24', '201701192044_1484829885', '0', '1484829885', null), ('25', '201701192044_1484829890', '0', '1484829890', null), ('26', '201701192046_1484830009', '0', '1484830009', null), ('27', '201701220858_1485075529', '0', '1485075529', null), ('28', '201701220859_1485075552', '0', '1485075552', null), ('29', '201701230739_1485157164', '0', '1485157164', null), ('30', '201701230741_1485157265', '0', '1485157265', null), ('31', '201701230741_1485157279', '0', '1485157279', null), ('32', '201701230802_1485158528', '0', '1485158528', null), ('33', '201701230805_1485158745', '0', '1485158745', null), ('34', '201701230806_1485158764', '0', '1485158764', null), ('35', '201701230810_1485159002', '0', '1485159002', null), ('36', '201701230810_1485159024', '0', '1485159024', null), ('37', '201701230812_1485159126', '0', '1485159126', null), ('38', '201701230812_1485159158', '0', '1485159158', null), ('39', '201701230813_1485159227', '0', '1485159227', null), ('40', '201701230814_1485159258', '0', '1485159258', null), ('41', '201701230815_1485159300', '0', '1485159300', null), ('42', '201701230817_1485159421', '0', '1485159421', null), ('43', '201701230817_1485159465', '0', '1485159465', null), ('44', '201701230818_1485159484', '0', '1485159484', null), ('45', '201701230818_1485159489', '0', '1485159489', null), ('46', '201701230837_1485160667', '0', '1485160667', null), ('47', '201701230840_1485160856', '0', '1485160856', null), ('48', '201701230842_1485160922', '0', '1485160922', null), ('49', '201701230844_1485161051', '0', '1485161051', null), ('50', '201701230844_1485161065', '0', '1485161065', null), ('51', '201701230953_1485165220', '0', '1485165220', null), ('52', '201701230954_1485165260', '0', '1485165260', null), ('53', '201701230956_1485165375', '0', '1485165375', null), ('54', '201701240149_1485222579', '0', '1485222579', null), ('55', '201701240234_1485225284', '0', '1485225284', null), ('56', '201702070303_1486436618', '0', '1486436618', null), ('57', '201702080238_1486521487', '0', '1486521487', null), ('58', '201702080252_1486522360', '0', '1486522360', null), ('59', '201702080324_1486524264', '0', '1486524264', null), ('60', '201702080343_1486525426', '0', '1486525426', null), ('61', '201702080348_1486525697', '0', '1486525697', null), ('62', '201702080348_1486525710', '0', '1486525710', null), ('63', '20170208Feb50_1486525801', '0', '1486525801', null), ('64', '201702080350_1486525812', '0', '1486525812', null), ('65', '201702080351_1486525869', '0', '1486525869', null), ('66', '201702080352_1486525948', '0', '1486525948', null), ('67', '201702080352_1486525959', '0', '1486525959', null), ('68', '201702080354_1486526065', '0', '1486526065', null), ('69', '201702080354_1486526068', '0', '1486526068', null), ('70', '201702080356_1486526174', '0', '1486526174', null), ('71', '201702080356_1486526182', '0', '1486526182', null), ('72', '201702080356_1486526196', '0', '1486526196', null), ('73', '201702080357_1486526224', '0', '1486526224', null), ('74', '201702081159_1486526370', '0', '1486526370', null), ('75', '201702081246_1486529176', '0', '1486529176', null), ('76', '201702081458_1486537099', '0', '1486537099', null), ('77', '201702080706_1486537616', '0', '1486537616', null), ('78', '201702081501_1486537306', '0', '1486537306', null), ('79', '201702081607_1486541233', '0', '1486541233', null), ('80', '201702081639_1486543144', '0', '1486543144', null), ('81', '201702081643_1486543388', '0', '1486543388', null), ('82', '201702081645_1486543510', '0', '1486543510', null), ('83', '201702081653_1486543987', '0', '1486543987', null), ('84', '201702081931_1486553515', '0', '1486553515', null), ('85', '201702081953_1486554814', '0', '1486554814', null), ('86', '201702081953_1486554817', '0', '1486554817', null), ('87', '201702082001_1486555307', '0', '1486555307', null), ('88', '201702082002_1486555346', '0', '1486555346', null), ('89', '201702082005_1486555506', '0', '1486555506', null), ('90', '201702082005_1486555532', '0', '1486555532', null), ('91', '201702082007_1486555637', '0', '1486555637', null), ('92', '201702082021_1486556497', '0', '1486556497', null), ('93', '201702082021_1486556497', '0', '1486556497', null), ('94', '201702082025_1486556708', '0', '1486556708', null), ('95', '201702082027_1486556832', '0', '1486556832', null), ('96', '201702082027_1486556878', '0', '1486556878', null), ('97', '201702082028_1486556910', '0', '1486556910', null), ('98', '201702082028_1486556924', '0', '1486556924', null), ('99', '201702082028_1486556934', '0', '1486556934', null), ('100', '201702082033_1486557228', '0', '1486557228', null), ('101', '201702082058_1486558732', '0', '1486558732', null), ('102', '201702082059_1486558773', '0', '1486558773', null), ('103', '201702081311_1486559467', '0', '1486559467', null), ('104', '201702090958_1486605486', '0', '1486605486', null), ('105', '201702091034_1486607674', '0', '1486607674', null), ('106', '201702090301_1486609262', '0', '1486609262', null), ('107', '201702091058_1486609093', '0', '1486609093', null), ('108', '201702090610_1486620634', '0', '1486620634', null), ('109', '201702091411_1486620676', '0', '1486620676', null), ('110', '201702091418_1486621091', '0', '1486621091', null), ('111', '201702091418_1486621131', '0', '1486621131', null), ('112', '201702091419_1486621156', '0', '1486621156', null), ('113', '201702091419_1486621180', '0', '1486621180', null), ('114', '201702091420_1486621243', '0', '1486621243', null), ('115', '201702091421_1486621264', '0', '1486621264', null), ('116', '201702091421_1486621312', '0', '1486621312', null), ('117', '201702091422_1486621323', '0', '1486621323', null), ('118', '201702091424_1486621450', '0', '1486621450', null), ('119', '201702091428_1486621729', '0', '1486621729', null), ('120', '201702091437_1486622248', '0', '1486622248', null), ('121', '201702091438_1486622289', '0', '1486622289', null), ('122', '201702091439_1486622382', '0', '1486622382', null), ('123', '201702091441_1486622470', '0', '1486622470', null), ('124', '201702091441_1486622482', '0', '1486622482', null), ('125', '201702091444_1486622663', '0', '1486622663', null), ('126', '201702091444_1486622694', '0', '1486622694', null), ('127', '201702091446_1486622804', '0', '1486622804', null), ('128', '201702091447_1486622837', '0', '1486622837', null), ('129', '201702091447_1486622865', '0', '1486622865', null), ('130', '201702091448_1486622921', '0', '1486622921', null), ('131', '201702091458_1486623505', '0', '1486623505', null), ('132', '201702091504_1486623873', '0', '1486623873', null), ('133', '201702091505_1486623915', '0', '1486623915', null), ('134', '201702091505_1486623926', '0', '1486623926', null), ('135', '201702091508_1486624080', '0', '1486624080', null), ('136', '201702091509_1486624196', '0', '1486624196', null), ('137', '201702091517_1486624622', '0', '1486624622', null), ('138', '201702091518_1486624697', '0', '1486624697', null), ('139', '201702091520_1486624846', '0', '1486624846', null), ('140', '201702091521_1486624893', '0', '1486624893', null), ('141', '201702091523_1486624982', '0', '1486624982', null), ('142', '201702091525_1486625144', '0', '1486625144', null), ('143', '201702091528_1486625309', '0', '1486625309', null), ('144', '201702091532_1486625531', '0', '1486625531', null), ('145', '201702091534_1486625674', '0', '1486625674', null), ('146', '201702091535_1486625745', '0', '1486625745', null), ('147', '201702091536_1486625812', '0', '1486625812', null), ('148', '201702091537_1486625869', '0', '1486625869', null), ('149', '201702091538_1486625881', '0', '1486625881', null), ('150', '201702091540_1486626006', '0', '1486626006', null), ('151', '201702091540_1486626011', '0', '1486626011', null), ('152', '201702091541_1486626093', '0', '1486626093', null), ('153', '201702091542_1486626123', '0', '1486626123', null), ('154', '201702091542_1486626128', '0', '1486626128', null), ('155', '201702091542_1486626136', '0', '1486626136', null), ('156', '201702091542_1486626136', '0', '1486626136', null), ('157', '201702091542_1486626178', '0', '1486626178', null), ('158', '201702091543_1486626182', '0', '1486626182', null), ('159', '201702091543_1486626183', '0', '1486626183', null), ('160', '201702091547_1486626477', '0', '1486626477', null), ('161', '201702091557_1486627032', '0', '1486627032', null), ('162', '201702091628_1486628886', '0', '1486628886', null), ('163', '201702091715_1486631715', '0', '1486631715', null), ('164', '201702091741_1486633312', '0', '1486633312', null), ('165', '201702091746_1486633594', '0', '1486633594', null), ('166', '201702100925_1486689919', '0', '1486689919', null), ('167', '201702100932_1486690374', '0', '1486690374', null), ('168', '201702101116_1486696619', '0', '1486696619', null), ('169', '201702100345_1486698328', '0', '1486698328', null), ('170', '201702101425_1486707914', '0', '1486707914', null), ('171', '201702101730_1486719031', '0', '1486719031', null), ('172', '201702101730_1486719032', '0', '1486719032', null), ('173', '201702101730_1486719035', '0', '1486719035', null), ('174', '201702101014_1486721651', '0', '1486721651', null), ('175', '201702131348_1486964899', '0', '1486964899', null), ('176', '201702131348_1486964899', '0', '1486964899', null), ('177', '201702131544_1486971863', '0', '1486971863', null), ('178', '201702131544_1486971863', '0', '1486971863', null), ('179', '201702131557_1486972651', '0', '1486972651', null), ('180', '201702131701_1486976492', '0', '1486976492', null), ('181', '201702131701_1486976492', '0', '1486976492', null), ('182', '201702131708_1486976896', '0', '1486976896', null), ('183', '201702131710_1486977042', '0', '1486977042', null), ('184', '201702131722_1486977761', '0', '1486977761', null), ('185', '201702140159_1487037585', '0', '1487037585', null), ('186', '201702140206_1487038016', '0', '1487038016', null), ('187', '201702141135_1487043307', '0', '1487043307', null), ('188', '201702141616_1487060179', '0', '1487060179', null), ('189', '201702141733_1487064835', '0', '1487064835', null), ('190', '201702151002_1487124122', '0', '1487124122', null), ('191', '201702151002_1487124125', '0', '1487124125', null), ('192', '201702151008_1487124489', '0', '1487124489', null), ('193', '201702151009_1487124592', '0', '1487124592', null), ('194', '201702151009_1487124592', '0', '1487124592', null), ('195', '201702151103_1487127825', '0', '1487127825', null), ('196', '201702151527_1487143650', '0', '1487143650', null), ('197', '201702171024_1487298257', '0', '1487298257', null), ('198', '201702171024_1487298257', '0', '1487298257', null), ('199', '201702171026_1487298363', '0', '1487298363', null), ('200', '201702171026_1487298363', '0', '1487298363', null), ('201', '201702171026_1487298390', '0', '1487298390', null), ('202', '201702171037_1487299030', '0', '1487299030', null), ('203', '201702171037_1487299059', '0', '1487299059', null), ('204', '201702171101_1487300477', '0', '1487300477', null), ('205', '201702171101_1487300477', '0', '1487300477', null), ('206', '201702171108_1487300927', '0', '1487300927', null), ('207', '201702171108_1487300927', '0', '1487300927', null), ('208', '201702171531_1487316671', '0', '1487316671', null), ('209', '201702171614_1487319254', '0', '1487319254', null), ('210', '201702171614_1487319256', '0', '1487319256', null), ('211', '201702171619_1487319560', '0', '1487319560', null), ('212', '201702171619_1487319568', '0', '1487319568', null), ('213', '201702171619_1487319568', '0', '1487319568', null), ('214', '201702171621_1487319696', '0', '1487319696', null), ('215', '201702171621_1487319704', '0', '1487319704', null), ('216', '201702171621_1487319704', '0', '1487319704', null), ('217', '201702171621_1487319718', '0', '1487319718', null), ('218', '201702171621_1487319718', '0', '1487319718', null), ('219', '201702171622_1487319741', '0', '1487319741', null), ('220', '201702171622_1487319767', '0', '1487319767', null), ('221', '201702171623_1487319785', '0', '1487319785', null), ('222', '201702171623_1487319797', '0', '1487319797', null), ('223', '201702171623_1487319814', '0', '1487319814', null), ('224', '201702171635_1487320513', '0', '1487320513', null), ('225', '201702171635_1487320512', '0', '1487320512', null), ('226', '201702171635_1487320552', '0', '1487320552', null), ('227', '201702171636_1487320602', '0', '1487320602', null), ('228', '201702171636_1487320612', '0', '1487320612', null), ('229', '201702171636_1487320612', '0', '1487320612', null), ('230', '201702171641_1487320906', '0', '1487320906', null), ('231', '201702171641_1487320916', '0', '1487320916', null), ('232', '201702171642_1487320924', '0', '1487320924', null), ('233', '201702171642_1487320935', '0', '1487320935', null), ('234', '201702171642_1487320947', '0', '1487320947', null), ('235', '201702171642_1487320951', '0', '1487320951', null), ('236', '201702201500_1487574025', '0', '1487574025', null), ('237', '201702222053_1487768012', '0', '1487768012', null), ('238', '201702222053_1487768036', '0', '1487768036', null), ('239', '201702222055_1487768122', '0', '1487768122', null), ('240', '201702222057_1487768235', '0', '1487768235', null), ('241', '201702222151_1487771491', '0', '1487771491', null), ('242', '201702222152_1487771541', '0', '1487771541', null), ('243', '201702222152_1487771573', '0', '1487771573', null), ('244', '201702222153_1487771607', '0', '1487771607', null), ('245', '201702230913_1487812426', '0', '1487812426', null), ('246', '201702230913_1487812427', '0', '1487812427', null), ('247', '201702230913_1487812427', '0', '1487812427', null), ('248', '201702231000_1487815257', '0', '1487815257', null), ('249', '201702231052_1487818379', '0', '1487818379', null), ('250', '201702231101_1487818892', '0', '1487818892', null), ('251', '201702231103_1487819021', '0', '1487819021', null), ('252', '201702231111_1487819503', '0', '1487819503', null), ('253', '201702231113_1487819603', '0', '1487819603', null), ('254', '201702231122_1487820146', '0', '1487820146', null), ('255', '201702231124_1487820289', '0', '1487820289', null), ('256', '201702231126_1487820381', '0', '1487820381', null), ('257', '201702231126_1487820419', '0', '1487820419', null), ('258', '201702231127_1487820478', '0', '1487820478', null), ('259', '201702231452_1487832759', '0', '1487832759', null), ('260', '201702231520_1487834451', '0', '1487834451', null), ('261', '201702231658_1487840310', '0', '1487840310', null), ('262', '201702231759_1487843949', '0', '1487843949', null), ('263', '201702231802_1487844144', '0', '1487844144', null), ('264', '201702231922_1487848957', '0', '1487848957', null), ('265', '201702231922_1487848966', '0', '1487848966', null), ('266', '201702240939_1487900390', '0', '1487900390', null), ('267', '201702241001_1487901672', '0', '1487901672', null), ('268', '201702241005_1487901929', '0', '1487901929', null), ('269', '201702241009_1487902170', '0', '1487902170', null), ('270', '201702241015_1487902557', '0', '1487902557', null), ('271', '201702241016_1487902581', '0', '1487902581', null), ('272', '201702241017_1487902629', '0', '1487902629', null), ('273', '201702241017_1487902673', '0', '1487902673', null), ('274', '201702241029_1487903355', '0', '1487903355', null), ('275', '201702241046_1487904389', '0', '1487904389', null), ('276', '201702241058_1487905122', '0', '1487905122', null), ('277', '201702241100_1487905202', '0', '1487905202', null), ('278', '201702241100_1487905232', '0', '1487905232', null), ('279', '201702241100_1487905236', '0', '1487905236', null), ('280', '201702241100_1487905241', '0', '1487905241', null), ('281', '201702241101_1487905316', '0', '1487905316', null), ('282', '201702241102_1487905355', '0', '1487905355', null), ('283', '201702241103_1487905397', '0', '1487905397', null), ('284', '201702241103_1487905400', '0', '1487905400', null), ('285', '201702241103_1487905403', '0', '1487905403', null), ('286', '201702241104_1487905443', '0', '1487905443', null), ('287', '201702241104_1487905459', '0', '1487905459', null), ('288', '201702241104_1487905462', '0', '1487905462', null), ('289', '201702241106_1487905602', '0', '1487905602', null), ('290', '201702241108_1487905710', '0', '1487905710', null), ('291', '201702241113_1487906030', '0', '1487906030', null), ('292', '201702241120_1487906424', '0', '1487906424', null), ('293', '201702241127_1487906873', '0', '1487906873', null), ('294', '201702241128_1487906933', '0', '1487906933', null), ('295', '201702241133_1487907192', '0', '1487907192', null), ('296', '201702241137_1487907467', '0', '1487907467', null), ('297', '201702241426_1487917589', '0', '1487917589', null), ('298', '201702241433_1487917992', '0', '1487917992', null), ('299', '201702241559_1487923154', '0', '1487923154', null), ('300', '201702271419_1488176373', '0', '1488176373', null), ('301', '201702271420_1488176403', '0', '1488176403', null), ('302', '201702271422_1488176538', '0', '1488176538', null), ('303', '201702280946_1488246415', '0', '1488246415', null), ('304', '201702282117_1488287870', '0', '1488287870', null), ('305', '201702282119_1488287940', '0', '1488287940', null), ('306', '201702282133_1488288823', '0', '1488288823', null), ('307', '201702282136_1488288972', '0', '1488288972', null), ('308', '201702282137_1488289054', '0', '1488289054', null), ('309', '201702282202_1488290558', '0', '1488290558', null), ('310', '201702282210_1488291044', '0', '1488291044', null), ('311', '201703011132_1488339123', '0', '1488339123', null), ('312', '201703011140_1488339629', '0', '1488339629', null), ('313', '201703011144_1488339865', '0', '1488339865', null), ('314', '201703011246_1488343604', '0', '1488343604', null), ('315', '201703011249_1488343748', '0', '1488343748', null), ('316', '201703011256_1488344180', '0', '1488344180', null), ('317', '201703011257_1488344263', '0', '1488344263', null), ('318', '201703011259_1488344354', '0', '1488344354', null), ('319', '201703011308_1488344907', '0', '1488344907', null), ('320', '201703011309_1488344942', '0', '1488344942', null), ('321', '201703011412_1488348731', '0', '1488348731', null), ('322', '201703011414_1488348865', '0', '1488348865', null), ('323', '201703011418_1488349138', '0', '1488349138', null), ('324', '201703011420_1488349209', '0', '1488349209', null), ('325', '201703011433_1488350035', '0', '1488350035', null), ('326', '201703011435_1488350127', '0', '1488350127', null), ('327', '201703011451_1488351099', '0', '1488351099', null), ('328', '201703011455_1488351313', '0', '1488351313', null), ('329', '201703011539_1488353991', '0', '1488353991', null), ('330', '201703011541_1488354086', '0', '1488354086', null), ('331', '201703011549_1488354568', '0', '1488354568', null), ('332', '201703011557_1488355055', '0', '1488355055', null), ('333', '201703012128_1488374920', '0', '1488374920', null), ('334', '201703012129_1488374960', '0', '1488374960', null), ('335', '201703020906_1488416809', '0', '1488416809', null), ('336', '201703020908_1488416921', '0', '1488416921', null), ('337', '201703020930_1488418226', '0', '1488418226', null), ('338', '201703021015_1488420954', '0', '1488420954', null), ('339', '201703021041_1488422473', '0', '1488422473', null), ('340', '201703021052_1488423170', '0', '1488423170', null), ('341', '201703021053_1488423202', '0', '1488423202', null), ('342', '201703021055_1488423307', '0', '1488423307', null), ('343', '201703021112_1488424355', '0', '1488424355', null), ('344', '201703021133_1488425605', '0', '1488425605', null), ('345', '201703021132_1488425555', '0', '1488425555', null), ('346', '201703021141_1488426116', '0', '1488426116', null), ('347', '201703021140_1488426055', '0', '1488426055', null), ('348', '201703021144_1488426286', '0', '1488426286', null), ('349', '201703021146_1488426403', '0', '1488426403', null), ('350', '201703021151_1488426714', '0', '1488426714', null), ('351', '201703021150_1488426631', '0', '1488426631', null), ('352', '201703021153_1488426833', '0', '1488426833', null), ('353', '201703021152_1488426777', '0', '1488426777', null), ('354', '201703021155_1488426948', '0', '1488426948', null), ('355', '201703021157_1488427079', '0', '1488427079', null), ('356', '201703021156_1488426996', '0', '1488426996', null), ('357', '201703021200_1488427235', '0', '1488427235', null), ('358', '201703021204_1488427477', '0', '1488427477', null), ('359', '201703021208_1488427722', '0', '1488427722', null), ('360', '201703021206_1488427588', '0', '1488427588', null), ('361', '201703021212_1488427959', '0', '1488427959', null), ('362', '201703021215_1488428143', '0', '1488428143', null), ('363', '201703021218_1488428319', '0', '1488428319', null), ('364', '201703021222_1488428556', '0', '1488428556', null), ('365', '201703021224_1488428660', '0', '1488428660', null), ('366', '201703021227_1488428869', '0', '1488428869', null), ('367', '201703021409_1488434946', '0', '1488434946', null), ('368', '201703021413_1488435236', '0', '1488435236', null), ('369', '201703021414_1488435241', '0', '1488435241', null), ('370', '201703021414_1488435266', '0', '1488435266', null), ('371', '201703021417_1488435464', '0', '1488435464', null), ('372', '201703021419_1488435541', '0', '1488435541', null), ('373', '201703021420_1488435621', '0', '1488435621', null), ('374', '201703021424_1488435882', '0', '1488435882', null), ('375', '201703021428_1488436138', '0', '1488436138', null), ('376', '201703021429_1488436158', '0', '1488436158', null), ('377', '201703021427_1488436035', '0', '1488436035', null), ('378', '201703021431_1488436291', '0', '1488436291', null), ('379', '201703021437_1488436625', '0', '1488436625', null), ('380', '201703021441_1488436877', '0', '1488436877', null), ('381', '201703021443_1488437036', '0', '1488437036', null), ('382', '201703021445_1488437126', '0', '1488437126', null), ('383', '201703021449_1488437357', '0', '1488437357', null), ('384', '201703021502_1488438126', '0', '1488438126', null), ('385', '201703021508_1488438523', '0', '1488438523', null), ('386', '201703021606_1488441987', '0', '1488441987', null), ('387', '201703021610_1488442257', '0', '1488442257', null), ('388', '201703021617_1488442671', '0', '1488442671', null), ('389', '201703021631_1488443473', '0', '1488443473', null), ('390', '201703021743_1488447813', '0', '1488447813', null), ('391', '201703021747_1488448058', '0', '1488448058', null), ('392', '201703021754_1488448478', '0', '1488448478', null), ('393', '201703021804_1488449076', '0', '1488449076', null), ('394', '201703021834_1488450882', '0', '1488450882', null), ('395', '201703021837_1488451057', '0', '1488451057', null), ('396', '201703021844_1488451487', '0', '1488451487', null), ('397', '201703021848_1488451682', '0', '1488451682', null), ('398', '201703021854_1488452051', '0', '1488452051', null), ('399', '201703021859_1488452371', '0', '1488452371', null), ('400', '201703021903_1488452623', '0', '1488452623', null), ('401', '201703021907_1488452848', '0', '1488452848', null), ('402', '201703021907_1488452856', '0', '1488452856', null), ('403', '201703021911_1488453073', '0', '1488453073', null), ('404', '201703021913_1488453229', '0', '1488453229', null), ('405', '201703021911_1488453087', '0', '1488453087', null), ('406', '201703021915_1488453334', '0', '1488453334', null), ('407', '201703021915_1488453339', '0', '1488453339', null), ('408', '201703021915_1488453354', '0', '1488453354', null), ('409', '201703021916_1488453371', '0', '1488453371', null), ('410', '201703021920_1488453616', '0', '1488453616', null), ('411', '201703021923_1488453828', '0', '1488453828', null), ('412', '201703021924_1488453879', '0', '1488453879', null), ('413', '201703021925_1488453928', '0', '1488453928', null), ('414', '201703021927_1488454072', '0', '1488454072', null), ('415', '201703021929_1488454179', '0', '1488454179', null), ('416', '201703021932_1488454359', '0', '1488454359', null), ('417', '201703021935_1488454541', '0', '1488454541', null), ('418', '201703021938_1488454727', '0', '1488454727', null), ('419', '201703021942_1488454920', '0', '1488454920', null), ('420', '201703021945_1488455145', '0', '1488455145', null), ('421', '201703021946_1488455182', '0', '1488455182', null), ('422', '201703021945_1488455155', '0', '1488455155', null), ('423', '201703021948_1488455319', '0', '1488455319', null), ('424', '201703021947_1488455252', '0', '1488455252', null), ('425', '201703021950_1488455433', '0', '1488455433', null), ('426', '201703021951_1488455467', '0', '1488455467', null), ('427', '201703021955_1488455714', '0', '1488455714', null), ('428', '201703022001_1488456067', '0', '1488456067', null), ('429', '201703022004_1488456279', '0', '1488456279', null), ('430', '201703022009_1488456583', '0', '1488456583', null), ('431', '201703022013_1488456799', '0', '1488456799', null), ('432', '201703022023_1488457430', '0', '1488457430', null), ('433', '201703022024_1488457498', '0', '1488457498', null), ('434', '201703022027_1488457674', '0', '1488457674', null), ('435', '201703022026_1488457599', '0', '1488457599', null), ('436', '201703022029_1488457766', '0', '1488457766', null), ('437', '201703022027_1488457663', '0', '1488457663', null), ('438', '201703022042_1488458523', '0', '1488458523', null), ('439', '201703022058_1488459505', '0', '1488459505', null), ('440', '201703022124_1488461091', '0', '1488461091', null), ('441', '201703030908_1488503318', '0', '1488503318', null), ('442', '201703030946_1488505590', '0', '1488505590', null), ('443', '201703061153_1488772413', '0', '1488772413', null), ('444', '201703061153_1488772422', '0', '1488772422', null), ('445', '201703061252_1488775975', '0', '1488775975', null), ('446', '201703061253_1488776016', '0', '1488776016', null), ('447', '201703061257_1488776222', '0', '1488776222', null), ('448', '201703061429_1488781747', '0', '1488781747', null), ('449', '201703061430_1488781817', '0', '1488781817', null), ('450', '201703061502_1488783758', '0', '1488783758', null), ('451', '201703061505_1488783944', '0', '1488783944', null);
COMMIT;

-- ----------------------------
--  Table structure for `upgrade_app`
-- ----------------------------
DROP TABLE IF EXISTS `upgrade_app`;
CREATE TABLE `upgrade_app` (
  `id` int(10) unsigned NOT NULL AUTO_INCREMENT,
  `name` varchar(50) NOT NULL COMMENT '应用名称',
  `user` varchar(50) NOT NULL COMMENT '应用部署的用户',
  `pkgname` varchar(50) NOT NULL COMMENT '应用的包名称',
  `appdir` varchar(255) NOT NULL COMMENT '应用部署的目录',
  `is_valid` tinyint(2) DEFAULT '1' COMMENT '应用是否有效（1：有效；0：无效）',
  `project_id` int(10) NOT NULL,
  `port` int(10) unsigned DEFAULT '8080' COMMENT '应用服务的端口号',
  `start_sequence` int(10) unsigned NOT NULL DEFAULT '0' COMMENT '应用的启动顺序',
  PRIMARY KEY (`id`)
) ENGINE=InnoDB AUTO_INCREMENT=19 DEFAULT CHARSET=utf8 COMMENT='应用表';

-- ----------------------------
--  Records of `upgrade_app`
-- ----------------------------
BEGIN;
INSERT INTO `upgrade_app` VALUES ('1', 'LoginSYS', 'beehive', 'LoginSYS.war', '/usr/local/tomcat8080/', '1', '1', '8080', '30'), ('2', 'beehive', 'beehive', 'beehive.war', '/usr/local/tomcat8081/', '1', '1', '8080', '0'), ('3', 'LoginSYS', 'user1', 'LoginSYS.war', '/usr/local/tomcat8080/', '0', '1', '8080', '10'), ('4', 'testapp', 'user1', 'testapp.war', '/usr/local/tomcat8082/', '1', '1', '8080', '10'), ('5', 'testapp', 'user1', 'testapp.war', '/usr/local/tomcat8083/', '1', '1', '8080', '20'), ('6', 'alstestapp', 'alsuser1', 'alsapp.war', '/usr/local/tomcat8084/', '1', '4', '8081', '10'), ('7', 'LoginSYS', 'beehive', 'LoginSYS.war', '/usr/local/tomcat8080/', '1', '1', '8080', '30'), ('8', 'beehive', 'beehive', 'beehive.war', '/usr/local/tomcat8080/', '1', '1', '8080', '0'), ('9', 'Dubbo', 'beehive', 'Dubbo.war', '/usr/local/tomcat8080', '1', '1', '8080', '0'), ('10', 'AnysignApi', 'beehive', 'AnysignApi.war', '/usr/local/tomcat8081/', '1', '1', '8081', '0'), ('11', 'fileupload', 'beehive', 'fileupload.war', '/usr/local/tomcat8081/', '1', '1', '8081', '0'), ('12', 'AutoTaskFront', 'beehive', 'AutoTaskFront.war', '/usr/local/tomcat8082/', '1', '1', '8082', '0'), ('13', 'coreInterface', 'beehive', 'coreInterface.war', '/usr/local/tomcat8080/', '1', '1', '8080', '0'), ('14', 'datacenter', 'beehive', 'datacenter.war', '/usr/local/tomcat8082/', '1', '1', '8082', '0'), ('15', 'AutoTaskBack', 'beehive', 'AutoTaskBack.war', '/usr/local/tomcat8081/', '1', '1', '8081', '0'), ('16', 'bqdc.pushmanager', 'beehive', 'bqdc.pushmanager.war', '/usr/local/tomcat8082/', '1', '1', '8082', '0'), ('17', 'mqService', 'beehive', 'mqService.war', '/usr/local/tomcat8081/', '1', '1', '8081', '0'), ('18', 'LoginSYS', 'beehive', 'LoginSYS.war', '/usr/local/tomcat8080/', '1', '1', '8080', '0');
COMMIT;

-- ----------------------------
--  Table structure for `upgrade_app_machine`
-- ----------------------------
DROP TABLE IF EXISTS `upgrade_app_machine`;
CREATE TABLE `upgrade_app_machine` (
  `id` int(10) unsigned NOT NULL AUTO_INCREMENT,
  `app_id` int(10) NOT NULL COMMENT '应用id',
  `machine_id` int(10) NOT NULL COMMENT '机器id',
  PRIMARY KEY (`id`)
) ENGINE=InnoDB AUTO_INCREMENT=18 DEFAULT CHARSET=utf8 COMMENT='应用机器中间表';

-- ----------------------------
--  Records of `upgrade_app_machine`
-- ----------------------------
BEGIN;
INSERT INTO `upgrade_app_machine` VALUES ('1', '1', '1'), ('2', '1', '2'), ('3', '2', '1'), ('4', '2', '2'), ('5', '4', '1'), ('6', '5', '2'), ('7', '6', '1'), ('8', '9', '3'), ('9', '10', '3'), ('10', '11', '4'), ('11', '12', '4'), ('12', '13', '5'), ('13', '14', '5'), ('14', '15', '5'), ('15', '16', '6'), ('16', '17', '6'), ('17', '18', '6');
COMMIT;

-- ----------------------------
--  Table structure for `upgrade_config`
-- ----------------------------
DROP TABLE IF EXISTS `upgrade_config`;
CREATE TABLE `upgrade_config` (
  `id` int(10) unsigned NOT NULL AUTO_INCREMENT COMMENT '自增',
  `item` varchar(50) NOT NULL COMMENT '配置项',
  `value` varchar(50) NOT NULL COMMENT '配置项值',
  `remark` varchar(255) DEFAULT NULL COMMENT '配置项的说明',
  `project_id` int(10) unsigned NOT NULL COMMENT '关联项目的id，不同项目，连接sftp用户密码目录不同',
  `env_id` int(10) unsigned NOT NULL COMMENT '关联环境类型id',
  PRIMARY KEY (`id`)
) ENGINE=InnoDB AUTO_INCREMENT=16 DEFAULT CHARSET=utf8 COMMENT='参数配置表';

-- ----------------------------
--  Records of `upgrade_config`
-- ----------------------------
BEGIN;
INSERT INTO `upgrade_config` VALUES ('1', 'sftp_host', '10.80.6.150', 'ftp 服务器主机名', '1', '2'), ('2', 'sftp_user', 'root', '登录ftp的用户名', '1', '2'), ('3', 'sftp_pass', 'admin@123', '登录ftp的密码', '1', '2'), ('4', 'sftp_basedir', '/home/testftp/sit/HCS', 'ftp的基目录', '1', '2'), ('5', 'sftp_port', '22', '登录到ftp的端口号', '1', '2'), ('6', 'sftp_host', '10.80.6.150', ' ', '1', '3'), ('7', 'sftp_user', 'root', '', '1', '3'), ('8', 'sftp_pass', 'admin@123', ' ', '1', '3'), ('9', 'sftp_basedir', '/home/testftp/uat/HCS', ' ', '1', '3'), ('10', 'sftp_port', '22', ' ', '1', '3'), ('11', 'sftp_host', '10.80.7.84', 'ftp 服务器主机名', '1', '5'), ('12', 'sftp_user', 'sit_HCS', '登录ftp的用户名', '1', '5'), ('13', 'sftp_pass', '!QAZxsw2', '登录ftp的密码', '1', '5'), ('14', 'sftp_basedir', '/', 'ftp的基目录', '1', '5'), ('15', 'sftp_port', '22', '登录到ftp的端口号', '1', '5');
COMMIT;

-- ----------------------------
--  Table structure for `upgrade_env_machine`
-- ----------------------------
DROP TABLE IF EXISTS `upgrade_env_machine`;
CREATE TABLE `upgrade_env_machine` (
  `id` int(10) unsigned NOT NULL AUTO_INCREMENT COMMENT '自增',
  `machine_id` int(10) NOT NULL COMMENT '关联机器id',
  `env_id` int(10) NOT NULL COMMENT '关联环境类型id',
  PRIMARY KEY (`id`)
) ENGINE=InnoDB AUTO_INCREMENT=7 DEFAULT CHARSET=utf8 COMMENT='机器环境中间表';

-- ----------------------------
--  Records of `upgrade_env_machine`
-- ----------------------------
BEGIN;
INSERT INTO `upgrade_env_machine` VALUES ('1', '1', '2'), ('2', '2', '2'), ('3', '3', '5'), ('4', '4', '5'), ('5', '5', '5'), ('6', '6', '5');
COMMIT;

-- ----------------------------
--  Table structure for `upgrade_machine`
-- ----------------------------
DROP TABLE IF EXISTS `upgrade_machine`;
CREATE TABLE `upgrade_machine` (
  `id` int(10) unsigned NOT NULL AUTO_INCREMENT,
  `name` varchar(50) DEFAULT NULL COMMENT '机器别名',
  `hostname` varchar(80) DEFAULT NULL COMMENT '主机名称',
  `ip` varchar(50) DEFAULT NULL COMMENT 'IP地址',
  `is_vm` tinyint(2) DEFAULT NULL COMMENT '是否是虚拟机（1：是；0：不是）',
  `cpuinfo` varchar(255) DEFAULT NULL COMMENT 'cpu信息',
  `memoryinfo` varchar(255) DEFAULT NULL COMMENT '内存信息',
  PRIMARY KEY (`id`)
) ENGINE=InnoDB AUTO_INCREMENT=7 DEFAULT CHARSET=utf8 COMMENT='机器表';

-- ----------------------------
--  Records of `upgrade_machine`
-- ----------------------------
BEGIN;
INSERT INTO `upgrade_machine` VALUES ('1', '78', '10.80.7.78', '10.80.7.78', '0', '8核', '8G'), ('2', '79', '10.80.7.79', '10.80.7.79', '0', '8核', '8G'), ('3', '10.80.3.19', '10.80.3.19', '10.80.3.19', '0', '8核', '8G'), ('4', '10.80.3.20', '10.80.3.20', '10.80.3.20', '0', '8核', '8G'), ('5', '10.80.3.21', '10.80.3.21', '10.80.3.21', '0', '8核', '8G'), ('6', '10.80.3.246', '10.80.3.246', '10.80.3.246', '0', '8核', '8G');
COMMIT;

-- ----------------------------
--  Table structure for `upgrade_project`
-- ----------------------------
DROP TABLE IF EXISTS `upgrade_project`;
CREATE TABLE `upgrade_project` (
  `id` int(10) unsigned NOT NULL AUTO_INCREMENT,
  `name` varchar(50) DEFAULT NULL COMMENT '项目名称,又称项目编码',
  `remark` varchar(255) DEFAULT NULL COMMENT '项目描述',
  PRIMARY KEY (`id`)
) ENGINE=InnoDB AUTO_INCREMENT=5 DEFAULT CHARSET=utf8 COMMENT='项目表';

-- ----------------------------
--  Records of `upgrade_project`
-- ----------------------------
BEGIN;
INSERT INTO `upgrade_project` VALUES ('1', 'HCS', '蜂巢'), ('2', 'WW', '外围'), ('3', 'HX', '安硕'), ('4', 'ALS', '消费贷');
COMMIT;

-- ----------------------------
--  Table structure for `upgrade_step`
-- ----------------------------
DROP TABLE IF EXISTS `upgrade_step`;
CREATE TABLE `upgrade_step` (
  `id` int(10) unsigned NOT NULL AUTO_INCREMENT,
  `name` varchar(80) NOT NULL COMMENT '发布步骤名称',
  `sort` mediumint(10) NOT NULL COMMENT '序号',
  `pid` int(10) NOT NULL COMMENT '父级id',
  `remark` varchar(200) DEFAULT NULL COMMENT '步骤的注释',
  `is_valid` tinyint(2) DEFAULT '1' COMMENT '是否有效（0：无效；1：有效）',
  `app_db_str` char(20) NOT NULL DEFAULT '' COMMENT 'app_db：表示应用和DB都需要执行的步骤，db:表示只有db需要执行的步骤，app：表示只有应用需要执行的步骤',
  `comments` varchar(255) DEFAULT NULL,
  PRIMARY KEY (`id`),
  KEY `sort` (`sort`) USING BTREE
) ENGINE=InnoDB AUTO_INCREMENT=9 DEFAULT CHARSET=utf8 COMMENT='发布步骤表';

-- ----------------------------
--  Records of `upgrade_step`
-- ----------------------------
BEGIN;
INSERT INTO `upgrade_step` VALUES ('1', 'check', '10', '0', '应用及环境的检查', '1', 'app_db', '检查代码发布过程中所依赖的配置文件各项内容，如更新包是否已存放服务器上，能否正常解压，应用目录、备份目录和\r发布脚本目录是否存在，应用启动文件是否有权限，当前执行用户是否非root。检查依赖的基础命令如(tar、curl、zip等)和\r硬件资源cpu、内存、硬盘(初版先不检查)。'), ('2', 'backup', '20', '0', '应用的备份', '1', 'app', '根据配置文件查找应用目录和备份目录，使用 tar 命令打包业务系统代码目录内所有文件(tomcat为webapps)到唯一备份\r目录名下(例：/备份目录/项目名_版本号/项目名_版本号_时间.tar.gz)，并做好记录供回滚使用。'), ('3', 'exec_sql', '40', '0', '数据库的执行', '1', 'db', '数据库执行ing'), ('4', 'app_stop', '30', '0', '应用的停止', '1', 'app_db', '根据配置文件中用户名和应用目录查出进程ID号，使用kill -9 方式停止应用服务，日志输入记录杀死进程 ps -ef 详细\r信息。默认3秒后再次检测进程是否存在，存在则报错，否则正常。'), ('5', 'upgrade', '50', '0', '升级应用', '1', 'app', '根据配置文件查找更新包和应用目录，使用 mv 命令移动缓存(tomcat为work和temp目录)和容器内代码到发布脚本temp目\r录唯一名称下,然后拷贝更新包到应用目录(tomcat为webapps)中。'), ('6', 'app_start', '60', '0', '应用启动', '1', 'app_db', '根据配置文件查找应用目录和检查时间(如300秒)。启动应用，并在规定时间内检查输出日志文件。如tomcat启动，检查\r日志输出文件catalina.out中是否含有关键字“ INFO: Server startup in ”，成功匹配表示发布成功。'), ('7', 'rollback', '70', '0', '应用回滚', '1', 'app_db', '根据配置文件记录判断是否已进行备份，若有则可进行回滚代码操作，无则退出。回滚时判断应用是否已运行，若有则先\r停止应用并日志输出停止应用 ps -ef 详细信息。默认3秒后再次检测进程，若存在则自动退出。停止正常，则回滚前使用 mv\r命令移动缓存和容器内代码到发布脚本temp目录唯一名称下，再解压备份包到容器内，启动应用服务。'), ('8', 'upload', '0', '0', '文件上传', '1', 'app', '从FTP服务器下载war包到本地，将war包解压后，加入配置文件，再重新打包，最后将新的war包上传到要发布的服务器上。');
COMMIT;

-- ----------------------------
--  Table structure for `upgrade_user`
-- ----------------------------
DROP TABLE IF EXISTS `upgrade_user`;
CREATE TABLE `upgrade_user` (
  `id` int(10) unsigned NOT NULL AUTO_INCREMENT COMMENT '自增唯一',
  `name` varchar(50) NOT NULL COMMENT '用户名',
  `password` varchar(50) NOT NULL COMMENT '用户密码',
  `home_dir` varchar(255) NOT NULL COMMENT '用户家目录',
  `machine_id` int(10) NOT NULL COMMENT '关联的机器ID',
  `sshport` int(10) unsigned NOT NULL DEFAULT '22' COMMENT 'ssh 协议连接端口号',
  PRIMARY KEY (`id`)
) ENGINE=InnoDB AUTO_INCREMENT=11 DEFAULT CHARSET=utf8;

-- ----------------------------
--  Records of `upgrade_user`
-- ----------------------------
BEGIN;
INSERT INTO `upgrade_user` VALUES ('1', 'beehive', 'beehive_1', '/home/beehive', '1', '10022'), ('2', 'beehive', 'beehive_1', '/home/beehive', '2', '10022'), ('3', 'user1', 'user1_1', '/home/user1', '1', '10022'), ('4', 'user2', 'user2_1', '/home/user2', '1', '10022'), ('5', 'user1', '123456', '/home/user1', '2', '10022'), ('6', 'alsuser1', '123456', '/home/alsuser1', '1', '10022'), ('7', 'beehive', 'uat_*2xhbeehive!vm', '/home/beehive', '3', '22'), ('8', 'beehive', 'uat_*2xhbeehive!vm', '/home/beehive', '4', '22'), ('9', 'beehive', 'uat_*2xhbeehive!vm', '/home/beehive', '5', '22'), ('10', 'beehive', 'uat_*2xhbeehive!vm', '/home/beehive', '6', '22');
COMMIT;

SET FOREIGN_KEY_CHECKS = 1;
